,Date,Adj Close,daily_return
0,2020-01-02,143.6122589111328,
1,2020-01-03,143.3913116455078,-0.001538498644198083
2,2020-01-06,144.56954956054688,0.008216940772199033
3,2020-01-07,141.67926025390625,-0.019992379553137818
4,2020-01-08,140.7127685546875,-0.006821687927270892
5,2020-01-09,141.7068634033203,0.0070647096126637
6,2020-01-10,138.9822540283203,-0.019227081240555943
7,2020-01-13,138.89942932128906,-0.0005959372842979649
8,2020-01-14,138.7705841064453,-0.0009276151491286466
9,2020-01-15,139.25840759277344,0.0035153234344962314
10,2020-01-16,140.51947021484375,0.00905555825223825
11,2020-01-17,141.467529296875,0.006746816512912757
12,2020-01-21,140.59312438964844,-0.006180958355408772
13,2020-01-22,141.596435546875,0.007136274704628631
14,2020-01-23,139.99481201171875,-0.011311185404988766
15,2020-01-24,139.9211883544922,-0.0005259027543135231
16,2020-01-27,138.42079162597656,-0.010723155986313904
17,2020-01-28,138.95469665527344,0.0038571158496154556
18,2020-01-29,138.8902130126953,-0.0004640623464358118
19,2020-01-30,141.88177490234375,0.02153904025890574
20,2020-01-31,139.9027557373047,-0.013948367691348662
21,2020-02-03,141.04412841796875,0.008158328795232705
22,2020-02-04,142.0290069580078,0.006982768804955075
23,2020-02-05,152.18186950683594,0.07148442959845447
24,2020-02-06,150.2396240234375,-0.01276266016242622
25,2020-02-07,149.7886199951172,-0.0030018980096087056
26,2020-02-10,150.35931396484375,0.0038099955106414285
27,2020-02-11,151.08651733398438,0.004836437131594318
28,2020-02-12,150.8563690185547,-0.0015232882423316108
29,2020-02-13,151.7216339111328,0.005735686853709954
30,2020-02-14,151.4730987548828,-0.0016380996555545035
31,2020-02-18,150.4973907470703,-0.006441460667490628
32,2020-02-19,151.15093994140625,0.004342594852254411
33,2020-02-20,150.1752471923828,-0.006455088862839076
34,2020-02-21,150.7275390625,0.0036776491495278396
35,2020-02-24,147.72677612304688,-0.019908524733551425
36,2020-02-25,144.70761108398438,-0.020437493583070787
37,2020-02-26,145.46240234375,0.005215974848258531
38,2020-02-27,138.17222595214844,-0.05011725555290747
39,2020-02-28,133.4962615966797,-0.033841564925559786
40,2020-03-02,139.737060546875,0.046748866788870025
41,2020-03-03,134.55477905273438,-0.037085948951976255
42,2020-03-04,139.85670471191406,0.039403473414361345
43,2020-03-05,133.36740112304688,-0.04639966029683218
44,2020-03-06,133.30296325683594,-0.0004831605449931997
45,2020-03-09,124.23626708984376,-0.06801571357062253
46,2020-03-10,128.03785705566406,0.03059967958527854
47,2020-03-11,120.84894561767578,-0.05614676474054803
48,2020-03-12,107.45606231689452,-0.1108233359615044
49,2020-03-13,112.16888427734376,0.04385813009368289
50,2020-03-16,93.35441589355467,-0.1677334004434713
51,2020-03-17,101.3257064819336,0.08538739717966859
52,2020-03-18,91.87245178222656,-0.09329571959503236
53,2020-03-19,91.3809051513672,-0.0053503158054877265
54,2020-03-20,94.1910629272461,0.030752133295506523
55,2020-03-23,87.36506652832031,-0.07246968222662731
56,2020-03-24,95.11848449707033,0.0887473480746066
57,2020-03-25,94.41364288330078,-0.0074101434384318265
58,2020-03-26,101.29525756835938,0.07288792673284039
59,2020-03-27,100.54405212402344,-0.0074159981658468155
60,2020-03-30,105.76553344726562,0.051932274589464145
61,2020-03-31,103.5860595703125,-0.02060665517316007
62,2020-04-01,96.6116714477539,-0.0673294085274524
63,2020-04-02,98.24397277832033,0.016895487947842236
64,2020-04-03,95.35960388183594,-0.029359245304470094
65,2020-04-06,102.72354125976562,0.0772228184489383
66,2020-04-07,103.9013671875,0.011465978618824257
67,2020-04-08,106.2941665649414,0.02302952735090935
68,2020-04-09,113.39838409423828,0.06683544129353969
69,2020-04-13,110.931396484375,-0.02175505082870599
70,2020-04-14,113.6116943359375,0.024161760660247555
71,2020-04-15,108.04703521728516,-0.04897963322506438
72,2020-04-16,103.82717895507812,-0.03905573395624229
73,2020-04-17,110.17089080810548,0.061098759658798185
74,2020-04-20,106.3219985961914,-0.034935654814827966
75,2020-04-21,104.23524475097656,-0.019626736449342763
76,2020-04-22,98.512939453125,-0.05489798878989971
77,2020-04-23,96.5282211303711,-0.02014677801486464
78,2020-04-24,96.47256469726562,-0.0005765819824887775
79,2020-04-27,98.80044555664062,0.024129977954664872
80,2020-04-28,102.39891815185548,0.03642162315099995
81,2020-04-29,103.93848419189452,0.015034983453203088
82,2020-04-30,100.17305755615234,-0.03622745381576209
83,2020-05-01,94.21887969970705,-0.059438915030697426
84,2020-05-04,92.13214111328124,-0.02214777540421442
85,2020-05-05,92.89264678955078,0.008254509957979383
86,2020-05-06,88.33889770507812,-0.049021631333093785
87,2020-05-07,91.8075180053711,0.03926492621487143
88,2020-05-08,94.55274963378906,0.029902035128074766
89,2020-05-11,94.44147491455078,-0.0011768533402705117
90,2020-05-12,94.21887969970705,-0.0023569646179830706
91,2020-05-13,91.3623504638672,-0.030318013172562996
92,2020-05-14,91.6776885986328,0.0034515107499375475
93,2020-05-15,92.2712631225586,0.006474579944139691
94,2020-05-18,97.69677734375,0.05879960929964745
95,2020-05-19,94.626953125,-0.03142195988664709
96,2020-05-20,97.01976013183594,0.02528673837437312
97,2020-05-21,104.87520599365234,0.08096748385217589
98,2020-05-22,108.51077270507812,0.03466564548770301
99,2020-05-26,109.73499298095705,0.011282016018872465
100,2020-05-27,114.047607421875,0.03930026624840033
101,2020-05-28,114.73390197753906,0.006017614671436133
102,2020-05-29,113.0923309326172,-0.014307637207729762
103,2020-06-01,110.88500213623048,-0.019517935285124577
104,2020-06-02,112.8697509765625,0.017899164017633362
105,2020-06-03,117.2751007080078,0.03903038407837078
106,2020-06-04,124.76885223388672,0.06389891358556077
107,2020-06-05,130.4633331298828,0.045640244292072474
108,2020-06-08,130.4911651611328,0.0002133322105322133
109,2020-06-09,127.69952392578124,-0.021393335187898765
110,2020-06-10,121.47640228271484,-0.048732535970010815
111,2020-06-11,112.62862396240234,-0.07283536682063452
112,2020-06-12,116.57025146484376,0.03499667636672199
113,2020-06-15,119.82554626464844,0.02792560502270547
114,2020-06-16,120.99417114257812,0.009752718968196072
115,2020-06-17,120.28929138183594,-0.00582573320752422
116,2020-06-18,120.9704132080078,0.005662364607417647
117,2020-06-19,119.38420867919922,-0.01311233455143379
118,2020-06-22,118.85237884521484,-0.0044547753833462655
119,2020-06-23,120.718505859375,0.015701217193056616
120,2020-06-24,117.72340393066406,-0.02481062789329025
121,2020-06-25,119.953369140625,0.018942411920694457
122,2020-06-26,115.66134643554688,-0.03578075993885965
123,2020-06-29,117.28484344482422,0.014036642831077861
124,2020-06-30,118.1432647705078,0.007319115586213121
125,2020-07-01,117.24752044677734,-0.007581848406427838
126,2020-07-02,117.16356658935548,-0.0007160395128352759
127,2020-07-06,118.7684097290039,0.013697458914623262
128,2020-07-07,118.65644073486328,-0.000942750638794454
129,2020-07-08,119.30023956298828,0.005425738578856976
130,2020-07-09,116.01589965820312,-0.027530036124119306
131,2020-07-10,119.83209228515624,0.03289370369230493
132,2020-07-13,119.72010803222656,-0.0009345097026528526
133,2020-07-14,121.98745727539062,0.018938750393991732
134,2020-07-15,123.9095458984375,0.01575644468683124
135,2020-07-16,126.9232940673828,0.02432216297052303
136,2020-07-17,126.84867095947266,-0.000587938632214513
137,2020-07-20,125.29045104980467,-0.012284085421484847
138,2020-07-21,126.47544860839844,0.009458003771753543
139,2020-07-22,126.69003295898438,0.0016966482661022741
140,2020-07-23,126.27950286865234,-0.0032404292645888955
141,2020-07-24,125.8782730102539,-0.0031773157898457027
142,2020-07-27,123.52698516845705,-0.018679060218798282
143,2020-07-28,123.12578582763672,-0.0032478679883038986
144,2020-07-29,123.10710144042967,-0.0001517503996538716
145,2020-07-30,121.29698181152344,-0.014703616669767272
146,2020-07-31,118.72176361083984,-0.02123068655315008
147,2020-08-03,117.98462677001952,-0.006208944496786661
148,2020-08-04,116.40779113769533,-0.013364755015056518
149,2020-08-05,117.25686645507812,0.007293973273476695
150,2020-08-06,118.0872802734375,0.007082005885578724
151,2020-08-07,121.2503433227539,0.026785806582996674
152,2020-08-10,122.19271087646484,0.007772081528894859
153,2020-08-11,123.17243957519533,0.00801789805384523
154,2020-08-12,121.5582275390625,-0.013105302141453223
155,2020-08-13,122.4166259765625,0.007061623510627113
156,2020-08-14,121.4275894165039,-0.008079266620597325
157,2020-08-17,117.41547393798828,-0.03304121820909933
158,2020-08-18,116.70635986328124,-0.00603935793915511
159,2020-08-19,115.6333465576172,-0.009194128811155111
160,2020-08-20,115.17613983154295,-0.003953934913112911
161,2020-08-21,113.75790405273438,-0.012313624860868733
162,2020-08-24,116.09054565429688,0.02050531451846349
163,2020-08-25,117.48079681396484,0.011975576062911886
164,2020-08-26,117.18221282958984,-0.0025415556624783786
165,2020-08-27,119.20694732666016,0.017278513932952766
166,2020-08-28,117.92865753173828,-0.010723282691058267
167,2020-08-31,116.63170623779295,-0.010997761876465617
168,2020-09-01,116.50109100341795,-0.0011198947403606718
169,2020-09-02,117.40614318847656,0.00776861553195296
170,2020-09-03,115.70800018310548,-0.014463834338250825
171,2020-09-04,117.15422058105467,0.012498879901653881
172,2020-09-08,113.00214385986328,-0.035441119411645294
173,2020-09-09,114.037841796875,0.009165294583225903
174,2020-09-10,111.24800872802734,-0.024464099152428087
175,2020-09-11,112.5915985107422,0.012077427704792365
176,2020-09-14,112.78753662109376,0.0017402551606269245
177,2020-09-15,109.78309631347656,-0.026638052373734622
178,2020-09-16,110.65084075927734,0.00790417172533564
179,2020-09-17,109.91822814941406,-0.006620940291426125
180,2020-09-18,110.28453063964844,0.0033324999538424382
181,2020-09-21,108.9414291381836,-0.012178512196360458
182,2020-09-22,108.98838806152344,0.00043104743265565126
183,2020-09-23,106.93147277832033,-0.01887279296251254
184,2020-09-24,107.06297302246094,0.0012297618346024386
185,2020-09-25,106.93147277832033,-0.001228251377934586
186,2020-09-28,109.86187744140624,0.027404510449051234
187,2020-09-29,107.39171600341795,-0.022484245632027555
188,2020-09-30,109.06353759765624,0.015567509827155268
189,2020-10-01,108.83812713623048,-0.0020667811295220773
190,2020-10-02,109.47679901123048,0.005868089536312793
191,2020-10-05,111.86244201660156,0.02179131128163836
192,2020-10-06,110.13426208496094,-0.01544915255277679
193,2020-10-07,111.8718490600586,0.015776988397645297
194,2020-10-08,113.90996551513672,0.01821831383142647
195,2020-10-09,113.1303939819336,-0.00684375181466923
196,2020-10-12,115.94810485839844,0.024906753855332697
197,2020-10-13,111.36465454101562,-0.03953018743152681
198,2020-10-14,111.35525512695312,-8.44021301125153e-05
199,2020-10-15,112.8580322265625,0.013495340636560993
200,2020-10-16,112.0127410888672,-0.00748986244947436
201,2020-10-19,109.81493377685548,-0.019621047486625187
202,2020-10-20,112.05030059814452,0.02035576350509216
203,2020-10-21,120.4282455444336,0.07476949996176807
204,2020-10-22,119.87407684326172,-0.004601650540258073
205,2020-10-23,121.17962646484376,0.010891008764881471
206,2020-10-26,118.333740234375,-0.02348485726100502
207,2020-10-27,115.91053771972656,-0.020477697314806198
208,2020-10-28,119.67684173583984,0.03249319768682524
209,2020-10-29,124.68294525146484,0.04183017735941652
210,2020-10-30,122.01553344726562,-0.02139355786647079
211,2020-11-02,126.43931579589844,0.036255894832806224
212,2020-11-03,127.05921173095705,0.004902715038882732
213,2020-11-04,124.87078857421876,-0.017223648147386417
214,2020-11-05,128.42108154296875,0.028431733388468272
215,2020-11-06,129.32273864746094,0.0070210988231749205
216,2020-11-09,138.04818725585938,0.0674703358408173
217,2020-11-10,142.2935333251953,0.030752639014865135
218,2020-11-11,139.9735870361328,-0.016303947444755162
219,2020-11-12,137.2968292236328,-0.019123306540747675
220,2020-11-13,140.1896209716797,0.021069618026902992
221,2020-11-16,142.1620330810547,0.014069601556119915
222,2020-11-17,140.912841796875,-0.008787094958521369
223,2020-11-18,140.2084503173828,-0.004998774210426937
224,2020-11-19,138.4145050048828,-0.012794844450809695
225,2020-11-20,139.83274841308594,0.01024634960153259
226,2020-11-23,139.9735870361328,0.0010071934124531445
227,2020-11-24,145.3460235595703,0.03838178785866697
228,2020-11-25,143.26092529296875,-0.01434575377803149
229,2020-11-27,142.21841430664062,-0.0072770086064722905
230,2020-11-30,138.8465576171875,-0.02370900214217675
231,2020-12-01,143.35488891601562,0.03246988168952658
232,2020-12-02,143.87144470214844,0.0036033356799951566
233,2020-12-03,144.6322021484375,0.005287758442017676
234,2020-12-04,145.97531127929688,0.009286376829697573
235,2020-12-07,143.08248901367188,-0.01981720223970007
236,2020-12-08,143.1388397216797,0.0003938337136588643
237,2020-12-09,143.73052978515625,0.004133679332786633
238,2020-12-10,144.341064453125,0.0042477730297199034
239,2020-12-11,144.39739990234375,0.0003902939848212661
240,2020-12-14,141.6924591064453,-0.018732614283413662
241,2020-12-15,145.00787353515625,0.02339866531796342
242,2020-12-16,144.79190063476562,-0.0014893874044588085
243,2020-12-17,144.8201904296875,0.00019538244057759613
244,2020-12-18,143.8290252685547,-0.006844108947737126
245,2020-12-21,143.25314331054688,-0.004003934233250517
246,2020-12-22,141.76161193847656,-0.010411857901344246
247,2020-12-23,142.60179138183594,0.005926706333757137
248,2020-12-24,142.38467407226562,-0.0015225426515782514
249,2020-12-28,143.37586975097656,0.006961393037342445
250,2020-12-29,142.45074462890625,-0.0064524464519526425
251,2020-12-30,143.42308044433594,0.006825768569779678
252,2020-12-31,145.30165100097656,0.013098104927189214
253,2021-01-04,141.3462677001953,-0.027221874449001704
254,2021-01-05,141.4595184326172,0.0008012290261678601
255,2021-01-06,148.1903076171875,0.04758102713163459
256,2021-01-07,147.13299560546875,-0.007134825675981782
257,2021-01-08,146.6987762451172,-0.002951203151711157
258,2021-01-11,145.4998779296875,-0.008172517495486531
259,2021-01-12,147.84103393554688,0.01609043278366684
260,2021-01-13,148.32244873046875,0.0032563002443000144
261,2021-01-14,147.0952606201172,-0.008273785396987421
262,2021-01-15,146.5005340576172,-0.004043138847524941
263,2021-01-19,146.66102600097656,0.001095504152198279
264,2021-01-20,147.0952606201172,0.0029608044548776746
265,2021-01-21,148.36968994140625,0.008663972693045308
266,2021-01-22,143.98947143554688,-0.029522327016988426
267,2021-01-25,144.14051818847656,0.0010490124828139713
268,2021-01-26,141.78994750976562,-0.01630749429967604
269,2021-01-27,136.9755096435547,-0.03395471929263072
270,2021-01-28,138.891845703125,0.013990355389493336
271,2021-01-29,137.5135955810547,-0.009923189623502138
272,2021-02-01,139.7508544921875,0.016269365233884114
273,2021-02-02,142.205322265625,0.017563168270822382
274,2021-02-03,146.623291015625,0.031067534460824886
275,2021-02-04,153.6183624267578,0.04770777795723724
276,2021-02-05,153.44847106933594,-0.001105931314056785
277,2021-02-08,156.8751983642578,0.022331452839132515
278,2021-02-09,155.3175811767578,-0.009929021309558972
279,2021-02-10,155.08157348632812,-0.0015195169062097724
280,2021-02-11,156.56369018554688,0.00955701355035199
281,2021-02-12,154.96829223632812,-0.010190089077026787
282,2021-02-16,155.34588623046875,0.002436588728517375
283,2021-02-17,157.06402587890625,0.011060091066000366
284,2021-02-18,155.55355834960938,-0.009616890442254555
285,2021-02-19,155.47805786132812,-0.0004853665135166052
286,2021-02-22,159.12193298339844,0.023436587594374947
287,2021-02-23,159.30128479003906,0.001127134413703601
288,2021-02-24,161.10435485839844,0.011318615984396097
289,2021-02-25,155.70460510253906,-0.033517093691262656
290,2021-02-26,153.4767608642578,-0.014308146100201147
291,2021-03-01,157.98910522460938,0.029400831337211386
292,2021-03-02,158.22509765625,0.0014937259838589956
293,2021-03-03,158.1212921142578,-0.0006560624296008122
294,2021-03-04,156.70526123046875,-0.00895534601858583
295,2021-03-05,162.05780029296875,0.03415672850082507
296,2021-03-08,163.53041076660156,0.009086945959840387
297,2021-03-09,160.15090942382812,-0.020665889157441275
298,2021-03-10,163.76644897460938,0.02257582903393307
299,2021-03-11,162.0011444091797,-0.010779403085813932
300,2021-03-12,165.24853515625,0.02004548028912745
301,2021-03-15,164.4461212158203,-0.004855800625832907
302,2021-03-16,162.76580810546875,-0.010218016076805503
303,2021-03-17,163.7381591796875,0.00597392711366429
304,2021-03-18,159.43296813964844,-0.026293144259149193
305,2021-03-19,150.99334716796875,-0.05293523083812479
306,2021-03-22,148.92611694335938,-0.013690869587186127
307,2021-03-23,149.2390594482422,0.0021013272306149577
308,2021-03-24,148.5183563232422,-0.004829185654643853
309,2021-03-25,150.68992614746094,0.01462155842536017
310,2021-03-26,151.51492309570312,0.005474798278385595
311,2021-03-29,152.04592895507812,0.0035046439553654274
312,2021-03-30,153.1553955078125,0.007296917190477092
313,2021-03-31,149.7985382080078,-0.021917982638969158
314,2021-04-01,150.76577758789062,0.00645693470345976
315,2021-04-05,151.63819885253906,0.0057866001065118855
316,2021-04-06,152.70970153808594,0.00706617919267738
317,2021-04-07,152.62435913085938,-0.0005588538669579757
318,2021-04-08,151.63819885253906,-0.0064613557359790574
319,2021-04-09,152.37782287597656,0.004877557429686652
320,2021-04-12,152.61488342285156,0.0015557417897218428
321,2021-04-13,152.595947265625,-0.00012407805059289068
322,2021-04-14,155.62091064453125,0.019823353326944293
323,2021-04-15,153.71487426757812,-0.012247945144768457
324,2021-04-16,154.35023498535156,0.004133371742980785
325,2021-04-19,153.34507751464844,-0.006512186203011083
326,2021-04-20,153.34507751464844,0.0
327,2021-04-21,156.53128051757812,0.020777993363532143
328,2021-04-22,158.28555297851562,0.011207168657516364
329,2021-04-23,160.50450134277344,0.014018641136244403
330,2021-04-26,157.4415740966797,-0.019083123653663492
331,2021-04-27,157.98211669921875,0.0034332901308973263
332,2021-04-28,155.57351684570312,-0.015246028498917652
333,2021-04-29,160.73211669921875,0.03315859895763551
334,2021-04-30,162.71397399902344,0.012330188518038243
335,2021-05-03,163.11224365234375,0.0024476671765309987
336,2021-05-04,163.77606201171875,0.0040697028286231784
337,2021-05-05,162.4769287109375,-0.007932375982323325
338,2021-05-06,164.2786407470703,0.011089033073355514
339,2021-05-07,167.2657012939453,0.018182890565024756
340,2021-05-10,164.83811950683594,-0.014513326810756344
341,2021-05-11,159.0820770263672,-0.034919365118273205
342,2021-05-12,156.38900756835938,-0.016928804981352186
343,2021-05-13,160.058837890625,0.023466037538869333
344,2021-05-14,161.37693786621094,0.008235096499242589
345,2021-05-17,159.77435302734375,-0.00993069307211547
346,2021-05-18,157.24244689941406,-0.015846761886098015
347,2021-05-19,157.50796508789062,0.0016885910497590473
348,2021-05-20,157.5648651123047,0.00036125172706236164
349,2021-05-21,158.08644104003906,0.0033102299003182623
350,2021-05-24,158.03903198242188,-0.00029989325653290155
351,2021-05-25,157.1002197265625,-0.0059403822212970026
352,2021-05-26,157.5553741455078,0.0028972233122113167
353,2021-05-27,160.58985900878906,0.019259799164189628
354,2021-05-28,161.19676208496094,0.003779211713104802
355,2021-06-01,162.6191864013672,0.008824149430846084
356,2021-06-02,162.52435302734375,-0.0005831622708366568
357,2021-06-03,164.4303741455078,0.01172760317245114
358,2021-06-04,164.06053161621094,-0.002249234858333393
359,2021-06-07,160.68467712402344,-0.02057688378143674
360,2021-06-08,161.0355682373047,0.002183724792939712
361,2021-06-09,158.6459197998047,-0.014839258579064762
362,2021-06-10,156.9010772705078,-0.01099834481402795
363,2021-06-11,158.44674682617188,0.00985123609444205
364,2021-06-14,157.84939575195312,-0.0037700431607730067
365,2021-06-15,159.404541015625,0.00985208246292979
366,2021-06-16,158.83555603027344,-0.003569440253874512
367,2021-06-17,152.7089080810547,-0.03857226997745411
368,2021-06-18,148.64988708496094,-0.02658011930737736
369,2021-06-21,151.52740478515625,0.019357685072109554
370,2021-06-22,151.80374145507812,0.0018236745380393327
371,2021-06-23,151.96571350097656,0.0010669832268024315
372,2021-06-24,153.59503173828125,0.01072161739492783
373,2021-06-25,154.6336212158203,0.006761868960115658
374,2021-06-28,151.451171875,-0.020580578245520176
375,2021-06-29,150.92713928222656,-0.003460076183536831
376,2021-06-30,151.44163513183594,0.0034089021501115813
377,2021-07-01,154.185791015625,0.018120220911509444
378,2021-07-02,153.75701904296875,-0.002780878638893536
379,2021-07-06,153.49020385742188,-0.0017353040999859015
380,2021-07-07,154.32870483398438,0.005462895712493809
381,2021-07-08,150.4983673095703,-0.02481934600912039
382,2021-07-09,155.05284118652344,0.030262613198884125
383,2021-07-12,156.84417724609375,0.011553068269257949
384,2021-07-13,155.32916259765625,-0.00965936176298332
385,2021-07-14,156.55833435058594,0.00791333534780958
386,2021-07-15,158.32102966308594,0.011259032103348332
387,2021-07-16,158.88320922851562,0.0035508837115703074
388,2021-07-19,153.20437622070312,-0.03574218468639345
389,2021-07-20,159.7598114013672,0.04278882459088784
390,2021-07-21,161.42721557617188,0.010436943810703703
391,2021-07-22,159.35960388183594,-0.012808321613899776
392,2021-07-23,159.026123046875,-0.0020926309230048235
393,2021-07-26,160.2076416015625,0.007429713634779622
394,2021-07-27,161.33193969726562,0.007017755735392761
395,2021-07-28,158.18765258789062,-0.019489551264772254
396,2021-07-29,159.53111267089844,0.008492825204934107
397,2021-07-30,160.779296875,0.00782408010076674
398,2021-08-02,162.31333923339844,0.009541292866774409
399,2021-08-03,164.47622680664062,0.013325383997750517
400,2021-08-04,163.97128295898438,-0.003070011134495787
401,2021-08-05,164.3809814453125,0.00249859901645455
402,2021-08-06,166.71542358398438,0.01420141258524188
403,2021-08-09,167.4776611328125,0.004572087767537258
404,2021-08-10,169.69773864746094,0.013255962016855971
405,2021-08-11,172.5371551513672,0.016732200007715026
406,2021-08-12,173.1088409423828,0.003313406845697031
407,2021-08-13,174.10931396484375,0.0057794449839447815
408,2021-08-16,175.53854370117188,0.008208806891380371
409,2021-08-17,175.9958953857422,0.0026054202964613804
410,2021-08-18,175.7672119140625,-0.0012993682107100835
411,2021-08-19,176.6914520263672,0.005258319240772691
412,2021-08-20,177.4251251220703,0.004152284036885057
413,2021-08-23,176.7390899658203,-0.0038666178523363293
414,2021-08-24,176.59617614746094,-0.000808614655575135
415,2021-08-25,177.87295532226562,0.007229936698847528
416,2021-08-26,175.61476135253906,-0.012695544219385235
417,2021-08-27,177.52996826171875,0.010905728507269341
418,2021-08-30,175.17649841308594,-0.013256746856188606
419,2021-08-31,175.24317932128906,0.00038064985204733226
420,2021-09-01,174.38563537597656,-0.004893451195268961
421,2021-09-02,174.38563537597656,0.0
422,2021-09-03,174.80487060546875,0.00240406974226004
423,2021-09-07,173.19459533691406,-0.00921184440100098
424,2021-09-08,173.82345581054688,0.0036309474461919677
425,2021-09-09,172.5371551513672,-0.007400040766544436
426,2021-09-10,171.73681640625,-0.004638645771196659
427,2021-09-13,174.69052124023438,0.01719901938205992
428,2021-09-14,172.7277069091797,-0.011235952111880332
429,2021-09-15,174.1378936767578,0.008164218658443634
430,2021-09-16,173.35311889648438,-0.004506628417879965
431,2021-09-17,172.7885284423828,-0.0032568808550753614
432,2021-09-20,170.24282836914062,-0.014733038681390642
433,2021-09-21,168.24270629882812,-0.011748642157046407
434,2021-09-22,169.32411193847656,0.006427652428080188
435,2021-09-23,169.86007690429688,0.0031653198099457214
436,2021-09-24,169.15184020996094,-0.004169530046397973
437,2021-09-27,170.75965881347656,0.00950517949742613
438,2021-09-28,167.9268798828125,-0.01658927495140028
439,2021-09-29,168.80734252929688,0.005243131100266973
440,2021-09-30,166.02244567871094,-0.016497486476944045
441,2021-10-01,167.8694610595703,0.011125094400992852
442,2021-10-04,166.1468505859375,-0.010261607220038216
443,2021-10-05,167.6206512451172,0.00887047003287833
444,2021-10-06,169.1231689453125,0.008963798249406185
445,2021-10-07,170.65435791015625,0.009053691309077072
446,2021-10-08,174.9226531982422,0.02501134656246551
447,2021-10-11,174.90350341796875,-0.00010947570210784185
448,2021-10-12,173.82208251953125,-0.006182957329638028
449,2021-10-13,174.40585327148438,0.0033584383726821265
450,2021-10-14,176.05191040039062,0.009438084204341335
451,2021-10-15,173.51585388183594,-0.014405163299773371
452,2021-10-18,170.06100463867188,-0.019910856361959883
453,2021-10-19,174.35800170898438,0.025267386132654668
454,2021-10-20,177.5065460205078,0.01805792840398901
455,2021-10-21,178.2147674560547,0.003989832777575808
456,2021-10-22,180.02349853515625,0.010149164993005222
457,2021-10-25,179.98526000976562,-0.00021240852278603395
458,2021-10-26,179.18133544921875,-0.004466613324353608
459,2021-10-27,182.09063720703125,0.016236633969261893
460,2021-10-28,187.6604766845703,0.03058828044632711
461,2021-10-29,186.98097229003903,-0.003620924376492085
462,2021-11-01,184.04296875,-0.015712847698115984
463,2021-11-02,182.3394775390625,-0.009255942905656345
464,2021-11-03,183.9376983642578,0.008765083934459073
465,2021-11-04,181.83226013183597,-0.011446474818078811
466,2021-11-05,184.88514709472656,0.01678957826667893
467,2021-11-08,183.6505889892578,-0.006677432583787946
468,2021-11-09,185.20095825195312,0.00844195094188338
469,2021-11-10,184.75115966796875,-0.0024287054895928417
470,2021-11-11,184.79898071289065,0.0002588402963632497
471,2021-11-12,184.55018615722656,-0.0013462983113019522
472,2021-11-15,184.8564300537109,0.0016594071393860599
473,2021-11-16,184.84683227539065,-5.1920175659914136e-05
474,2021-11-17,183.5357360839844,-0.007092878873103614
475,2021-11-18,183.6792907714844,0.0007821620495438442
476,2021-11-19,180.1574859619141,-0.019173662935969116
477,2021-11-22,182.55958557128903,0.013333332204040316
478,2021-11-23,184.6554412841797,0.011480392587067012
479,2021-11-24,182.23419189453125,-0.013112255846943643
480,2021-11-26,176.61654663085938,-0.030826516172788865
481,2021-11-29,177.0854949951172,0.002655177972865408
482,2021-11-30,171.7549285888672,-0.030101654606985107
483,2021-12-01,167.6110382080078,-0.024126762561665238
484,2021-12-02,174.52069091796875,0.04122432975676671
485,2021-12-03,173.65939331054688,-0.004935217726285024
486,2021-12-06,179.46844482421875,0.03345083385891967
487,2021-12-07,179.9564971923828,0.002719432759570095
488,2021-12-08,181.0283966064453,0.005956436309807689
489,2021-12-09,182.02365112304688,0.005497781205924479
490,2021-12-10,183.23907470703125,0.006677283839135573
491,2021-12-13,182.05239868164065,-0.006476107933244601
492,2021-12-14,184.2630615234375,0.012143003101336092
493,2021-12-15,185.62200927734372,0.007375041653334025
494,2021-12-16,188.2166748046875,0.013978221318933226
495,2021-12-17,182.3643341064453,-0.03109363558948841
496,2021-12-20,178.5204620361328,-0.021077981553502934
497,2021-12-21,179.93304443359375,0.0079127198156983
498,2021-12-22,181.0286102294922,0.006088741505748008
499,2021-12-23,183.2003631591797,0.01199673867536366
500,2021-12-27,185.92955017089844,0.014897279484906933
501,2021-12-28,185.88150024414065,-0.00025843082346843627
502,2021-12-29,186.77520751953125,0.0048079409420345165
503,2021-12-30,185.57395935058597,-0.006431518320329954
504,2021-12-31,185.76617431640625,0.0010357863058638728
505,2022-01-03,183.9691619873047,-0.009673517451249225
506,2022-01-04,187.97642517089844,0.02178225491873631
507,2022-01-05,186.44847106933597,-0.008128434723520983
508,2022-01-06,190.26353454589844,0.020461757903843303
509,2022-01-07,193.3386688232422,0.01616249947570436
510,2022-01-10,191.0611724853516,-0.011779828379664514
511,2022-01-11,191.6954345703125,0.0033196806902748843
512,2022-01-12,190.1001892089844,-0.00832177023362013
513,2022-01-13,189.8214874267578,-0.0014660784052150655
514,2022-01-14,188.6010589599609,-0.006429348349026087
515,2022-01-18,187.3710174560547,-0.006521922573973216
516,2022-01-19,184.39198303222656,-0.015899120708605996
517,2022-01-20,185.57395935058597,0.006410128569162454
518,2022-01-21,184.5169219970703,-0.005696043546275287
519,2022-01-24,188.25511169433597,0.020259332622755366
520,2022-01-25,186.1025390625,-0.011434338289475154
521,2022-01-26,186.52536010742188,0.002271978915773243
522,2022-01-27,185.2472686767578,-0.006852105418415966
523,2022-01-28,189.20648193359372,0.02137258640905748
524,2022-01-31,189.5812530517578,0.001980752003494457
525,2022-02-01,192.07015991210935,0.013128443980017446
526,2022-02-02,199.4312286376953,0.03832489507456227
527,2022-02-03,199.25830078125,-0.0008671052052708905
528,2022-02-04,198.52793884277344,-0.003665402824439279
529,2022-02-07,196.99996948242188,-0.0076964953610970666
530,2022-02-08,199.78680419921875,0.01414637131223273
531,2022-02-09,200.8054351806641,0.0050985898970064
532,2022-02-10,200.4595184326172,-0.0017226463404025338
533,2022-02-11,196.0966644287109,-0.021764264615715012
534,2022-02-14,194.1843414306641,-0.009751940470879461
535,2022-02-15,195.70265197753903,0.007818913387602322
536,2022-02-16,196.9134826660156,0.006187093921524944
537,2022-02-17,195.68345642089844,-0.006246531362219643
538,2022-02-18,196.7213134765625,0.005303754720234144
539,2022-02-22,195.16448974609372,-0.007913853882712374
540,2022-02-23,193.5500946044922,-0.008271971728575411
541,2022-02-24,191.26296997070312,-0.011816706359470741
542,2022-02-25,198.941162109375,0.0401446873895559
543,2022-02-28,195.69305419921875,-0.016326977663729925
544,2022-03-01,191.7530517578125,-0.02013358347095584
545,2022-03-02,196.3273162841797,0.023854976410725204
546,2022-03-03,197.9609832763672,0.008321139529166688
547,2022-03-04,197.4997100830078,-0.002330121752908254
548,2022-03-07,191.1572723388672,-0.032113655971823696
549,2022-03-08,189.93679809570312,-0.006384660275966403
550,2022-03-09,195.9813690185547,0.031824117198216095
551,2022-03-10,193.5596923828125,-0.012356667615241124
552,2022-03-11,194.03057861328125,0.0024327700910862227
553,2022-03-14,196.96153259277344,0.015105629228338469
554,2022-03-15,199.3543701171875,0.012148755611895767
555,2022-03-16,202.7370147705078,0.016967998501020487
556,2022-03-17,203.63412475585935,0.004424993563050261
557,2022-03-18,204.0296173095703,0.0019421722866199698
558,2022-03-21,205.43798828125,0.006902777107809843
559,2022-03-22,206.0843048095703,0.003146041945443434
560,2022-03-23,203.1903839111328,-0.014042412890741929
561,2022-03-24,205.65020751953125,0.012106004039414975
562,2022-03-25,210.077880859375,0.021530118511663643
563,2022-03-28,209.47979736328125,-0.0028469608206591612
564,2022-03-29,208.2064666748047,-0.006078536949643665
565,2022-03-30,209.8077850341797,0.007691011643149892
566,2022-03-31,206.3350830078125,-0.016551826357641852
567,2022-04-01,208.891357421875,0.012388947031202191
568,2022-04-04,206.01678466796875,-0.013761089924370529
569,2022-04-05,204.8688507080078,-0.0055720409471055055
570,2022-04-06,204.96533203125,0.00047094188749907673
571,2022-04-07,205.0617828369141,0.0004705713142230117
572,2022-04-08,208.5055389404297,0.016793748966156263
573,2022-04-11,207.64700317382807,-0.0041175681517358065
574,2022-04-12,206.83670043945312,-0.0039023088317658994
575,2022-04-13,205.31256103515625,-0.007368805444385007
576,2022-04-14,203.0746307373047,-0.010900113887665874
577,2022-04-18,204.4154815673828,0.006602749074120728
578,2022-04-19,202.495849609375,-0.009390834506705525
579,2022-04-20,205.0617828369141,0.01267153491041384
580,2022-04-21,204.0489044189453,-0.004939381702217638
581,2022-04-22,198.81097412109372,-0.025669975110953147
582,2022-04-25,199.98780822753903,0.005919361904682896
583,2022-04-26,196.2064666748047,-0.01890786036532821
584,2022-04-27,203.1710968017578,0.03549643518374146
585,2022-04-28,203.70166015625,0.002611411577946532
586,2022-04-29,199.1485748291016,-0.02235173401952617
587,2022-05-02,197.9138641357422,-0.006199947423269125
588,2022-05-03,200.2386016845703,0.011746208680123882
589,2022-05-04,206.3929901123047,0.030735274697079706
590,2022-05-05,200.64373779296875,-0.02785585070601282
591,2022-05-06,201.76272583007807,0.005576989590694081
592,2022-05-09,197.8559417724609,-0.019363259697965263
593,2022-05-10,197.62445068359372,-0.0011699981652985025
594,2022-05-11,197.3929443359375,-0.001171445875525201
595,2022-05-12,198.1743011474609,0.003958382677516692
596,2022-05-13,199.2353973388672,0.005354358185003516
597,2022-05-16,200.64373779296875,0.0070687261044593
598,2022-05-17,204.8977813720703,0.02120197533147561
599,2022-05-18,199.9781646728516,-0.024010102336273098
600,2022-05-19,196.6694793701172,-0.016545232866533977
601,2022-05-20,196.7852325439453,0.0005885670425267442
602,2022-05-23,199.9781646728516,0.01622546614717768
603,2022-05-24,200.78846740722656,0.0040519560508045505
604,2022-05-25,200.6244659423828,-0.0008167872734997639
605,2022-05-26,200.35433959960935,-0.001346427722584198
606,2022-05-27,203.4315490722656,0.01535883614403244
607,2022-05-31,203.8173675537109,0.001896551853460382
608,2022-06-01,201.2611083984375,-0.012541910367867781
609,2022-06-02,202.4862060546875,0.006087105780142377
610,2022-06-03,201.15501403808597,-0.006574235561715325
611,2022-06-06,204.6277008056641,0.01726373455906316
612,2022-06-07,206.0649871826172,0.007023909134951767
613,2022-06-08,202.891357421875,-0.015401111096712827
614,2022-06-09,198.95562744140625,-0.019398214051499107
615,2022-06-10,194.52798461914065,-0.022254423658207734
616,2022-06-13,190.6212310791016,-0.020083246879300964
617,2022-06-14,190.9395294189453,0.0016697947969481763
618,2022-06-15,192.23214721679688,0.00676977575981863
619,2022-06-16,183.2622833251953,-0.04666162253020811
620,2022-06-17,183.40757751464844,0.0007928210148691051
621,2022-06-21,183.5334930419922,0.0006865339428721029
622,2022-06-22,183.5916290283203,0.00031675954815946206
623,2022-06-23,181.11183166503903,-0.013507137424543236
624,2022-06-24,188.4349670410156,0.040434328937275055
625,2022-06-27,188.6480712890625,0.0011309166838473494
626,2022-06-28,188.3187255859375,-0.0017458206748393046
627,2022-06-29,187.69879150390625,-0.0032919407249724086
628,2022-06-30,190.42071533203125,0.014501552227992542
629,2022-07-01,191.71875,0.0068166673237488595
630,2022-07-05,187.0885162353516,-0.024151178560513298
631,2022-07-06,187.65036010742188,0.0030030911751071088
632,2022-07-07,188.52215576171875,0.004645851219245323
633,2022-07-08,187.02073669433597,-0.00796415180654142
634,2022-07-11,187.495361328125,0.002537818223680377
635,2022-07-12,185.8873748779297,-0.0085761399045029
636,2022-07-13,184.0856475830078,-0.00969257485133157
637,2022-07-14,177.57620239257812,-0.03536095983525522
638,2022-07-15,178.41893005371094,0.0047457240879031914
639,2022-07-18,175.5032501220703,-0.016341763347436755
640,2022-07-19,179.9010009765625,0.02505794537385131
641,2022-07-20,178.91297912597656,-0.00549203086821437
642,2022-07-21,178.24456787109375,-0.0037359573248857414
643,2022-07-22,178.36082458496094,0.0006522314551054009
644,2022-07-25,181.34434509277344,0.016727442894228783
645,2022-07-26,182.38079833984372,0.005715387742253775
646,2022-07-27,181.1409149169922,-0.006798322159667136
647,2022-07-28,179.5716552734375,-0.008663198175154374
648,2022-07-29,182.7295379638672,0.0175856411504427
649,2022-08-01,179.18417358398438,-0.01940225110503957
650,2022-08-02,178.56423950195312,-0.003459759138497165
651,2022-08-03,179.8816375732422,0.007377726217542291
652,2022-08-04,179.29074096679688,-0.0032849189857120376
653,2022-08-05,179.5135498046875,0.0012427236157828148
654,2022-08-08,180.71469116210935,0.006691090219811846
655,2022-08-09,183.7659912109375,0.016884626419724658
656,2022-08-10,185.59678649902344,0.009962644752828265
657,2022-08-11,187.73751831054688,0.011534315070345746
658,2022-08-12,191.3603515625,0.019297332171827275
659,2022-08-15,190.5466766357422,-0.004252055977708946
660,2022-08-16,192.81336975097656,0.011895736809766078
661,2022-08-17,194.64414978027344,0.0094950886012799
662,2022-08-18,196.06808471679688,0.007315580448376435
663,2022-08-19,194.29541015625,-0.009041117339965599
664,2022-08-22,190.84695434570312,-0.01774851916354414
665,2022-08-23,190.5660552978516,-0.001471855020241608
666,2022-08-24,190.25607299804688,-0.0016266396411481754
667,2022-08-25,191.3216094970703,0.005600538696256985
668,2022-08-26,187.4469451904297,-0.02025209968087771
669,2022-08-29,186.1392364501953,-0.006976420655486537
670,2022-08-30,184.0372314453125,-0.011292648691213714
671,2022-08-31,183.12667846679688,-0.00494765635933947
672,2022-09-01,186.1198272705078,0.016344690073399892
673,2022-09-02,184.8993377685547,-0.006557546930125113
674,2022-09-06,184.46340942382807,-0.0023576522771124875
675,2022-09-07,187.61160278320312,0.017066763371708538
676,2022-09-08,188.9967803955078,0.007383219330551416
677,2022-09-09,188.8902130126953,-0.0005638581916024288
678,2022-09-12,190.8081970214844,0.010153961807752188
679,2022-09-13,187.1466217041016,-0.019189821897276915
680,2022-09-14,187.20477294921875,0.0003107255935888009
681,2022-09-15,186.94207763671875,-0.0014032511477218845
682,2022-09-16,184.11111450195312,-0.015143530929762061
683,2022-09-19,186.66970825195312,0.013897008645683107
684,2022-09-20,182.4864654541016,-0.022409864123242196
685,2022-09-21,177.51522827148438,-0.027241676089493683
686,2022-09-22,176.5618438720703,-0.005370718944495256
687,2022-09-23,175.39439392089844,-0.006612130489630386
688,2022-09-26,169.9951171875,-0.030783633459992243
689,2022-09-27,173.30279541015625,0.01945748958782123
690,2022-09-28,175.42361450195312,0.012237650793673227
691,2022-09-29,178.78964233398438,0.019187997246481237
692,2022-09-30,176.94125366210938,-0.01033834313747417
693,2022-10-03,182.0195159912109,0.028700273248877695
694,2022-10-04,187.5258026123047,0.03025107824899198
695,2022-10-05,185.45362854003903,-0.011050074407892074
696,2022-10-06,183.6927947998047,-0.009494738679940107
697,2022-10-07,179.6652069091797,-0.021925671581263795
698,2022-10-10,179.898681640625,0.0012994988593608703
699,2022-10-11,180.6575164794922,0.004218123401165785
700,2022-10-12,179.97650146484375,-0.00376964672115232
701,2022-10-13,188.46946716308597,0.04718930320968151
702,2022-10-14,183.6441345214844,-0.025602728729667956
703,2022-10-17,187.45770263671875,0.020766076331113048
704,2022-10-18,189.36447143554688,0.010171728192590379
705,2022-10-19,190.6583709716797,0.006832852679934831
706,2022-10-20,186.99075317382807,-0.01923659464391625
707,2022-10-21,192.41921997070312,0.029030669724233515
708,2022-10-24,197.85743713378903,0.02826233867860961
709,2022-10-25,195.9603729248047,-0.009588035893245528
710,2022-10-26,198.6065216064453,0.013503488701034572
711,2022-10-27,201.89474487304688,0.01655647176137265
712,2022-10-28,208.67547607421875,0.03358547645920984
713,2022-10-31,209.05490112304688,0.0018182541425864063
714,2022-11-01,207.68316650390625,-0.0065615999040044
715,2022-11-02,204.822998046875,-0.013771787599248908
716,2022-11-03,203.9474639892578,-0.004274588625134856
717,2022-11-04,203.48049926757807,-0.0022896324011381086
718,2022-11-07,206.33091735839844,0.014008310875392782
719,2022-11-08,206.64224243164065,0.0015088629335247017
720,2022-11-09,204.41439819335935,-0.010781165612922972
721,2022-11-10,206.1558074951172,0.008519014889110776
722,2022-11-11,200.65921020507807,-0.02666234513024479
723,2022-11-14,199.5307159423828,-0.0056239345382747
724,2022-11-15,201.0191650390625,0.007459749190242393
725,2022-11-16,201.65151977539065,0.0031457435225406005
726,2022-11-17,203.3637542724609,0.008491056744712067
727,2022-11-18,204.43386840820312,0.005262069140937076
728,2022-11-21,204.6673583984375,0.0011421296874749576
729,2022-11-22,207.2356719970703,0.012548721099106208
730,2022-11-23,208.33497619628903,0.005304608944131317
731,2022-11-25,210.3584899902344,0.009712789618382844
732,2022-11-28,209.551025390625,-0.0038385168083631127
733,2022-11-29,210.7962646484375,0.005942415483251695
734,2022-11-30,213.62725830078125,0.013429999137153814
735,2022-12-01,212.3917694091797,-0.005783385984676315
736,2022-12-02,213.20895385742188,0.003847533501488254
737,2022-12-05,209.5802154541016,-0.01701963420235586
738,2022-12-06,211.7205047607422,0.010212267899444516
739,2022-12-07,211.6913146972656,-0.0001378707438355331
740,2022-12-08,213.2283935546875,0.007260944359573918
741,2022-12-09,211.4286193847656,-0.008440593393394868
742,2022-12-12,211.6232147216797,0.0009203831415081076
743,2022-12-13,211.14651489257807,-0.0022525875988065325
744,2022-12-14,210.9324951171875,-0.0010136078992326603
745,2022-12-15,207.78787231445312,-0.014908195159723081
746,2022-12-16,206.723388671875,-0.005122934417304159
747,2022-12-19,206.9968414306641,0.0013227954540893094
748,2022-12-20,209.67266845703125,0.012926897859277142
749,2022-12-21,213.6376190185547,0.018910192686062866
750,2022-12-22,212.2996826171875,-0.00626264422676881
751,2022-12-23,214.50677490234372,0.010396116743782269
752,2022-12-27,215.7274932861328,0.005690815053952747
753,2022-12-28,214.67279052734372,-0.004889051194741145
754,2022-12-29,216.8798828125,0.01028119250574111
755,2022-12-30,215.43453979492188,-0.006664255802958374
756,2023-01-03,215.6005706787109,0.0007706790375725525
757,2023-01-04,219.1455535888672,0.016442363297076046
758,2023-01-05,218.3252410888672,-0.003743231320763929
759,2023-01-06,223.5011138916016,0.0237071663217705
760,2023-01-09,218.27639770507807,-0.02337668969765183
761,2023-01-10,219.50689697265625,0.005637344580153636
762,2023-01-11,219.35064697265625,-0.0007118227361186946
763,2023-01-12,220.3174591064453,0.004407610130776618
764,2023-01-13,221.87022399902344,0.007047852216868211
765,2023-01-17,219.37017822265625,-0.011268054501888392
766,2023-01-18,215.4052581787109,-0.018074106863883
767,2023-01-19,214.1161346435547,-0.005984642835815568
768,2023-01-20,215.2685089111328,0.005382005748873153
769,2023-01-23,218.35452270507807,0.014335649043860865
770,2023-01-24,223.0030670166016,0.021288976541155025
771,2023-01-25,224.38983154296875,0.006218589479147996
772,2023-01-26,225.6984405517578,0.0058318552128262535
773,2023-01-27,222.0069580078125,-0.016355817678318285
774,2023-01-30,220.7764587402344,-0.005542615774838944
775,2023-01-31,222.1632080078125,0.006281237028127773
776,2023-02-01,208.44219970703125,-0.06176093883330469
777,2023-02-02,205.24876403808597,-0.015320485359652247
778,2023-02-03,204.92649841308597,-0.0015701221223441975
779,2023-02-06,208.84259033203125,0.01910973909802194
780,2023-02-07,210.1121368408203,0.00607896361930127
781,2023-02-08,210.30746459960935,0.0009296357731920502
782,2023-02-09,208.4128875732422,-0.009008605709617257
783,2023-02-10,209.6629180908203,0.00599785614092041
784,2023-02-13,210.45396423339844,0.003772942539297608
785,2023-02-14,208.3249969482422,-0.010116071193580267
786,2023-02-15,207.96368408203125,-0.0017343711580646293
787,2023-02-16,205.3366241455078,-0.012632301394926215
788,2023-02-17,205.678466796875,0.0016647914262237773
789,2023-02-21,203.8815460205078,-0.00873655275805707
790,2023-02-22,204.94601440429688,0.005221013890496895
791,2023-02-23,203.7155303955078,-0.006003942122834838
792,2023-02-24,205.97142028808597,0.011073725641822296
793,2023-02-27,206.723388671875,0.003650838464565931
794,2023-02-28,206.0788726806641,-0.00311777005665248
795,2023-03-01,204.5944366455078,-0.007203242214239625
796,2023-03-02,203.5202178955078,-0.005250478789221691
797,2023-03-03,202.2506561279297,-0.006238013012692223
798,2023-03-06,203.1881561279297,0.004635337249076832
799,2023-03-07,201.9576873779297,-0.006055809420433378
800,2023-03-08,198.6079864501953,-0.01658615213525383
801,2023-03-09,194.21334838867188,-0.022127197098518847
802,2023-03-10,193.7543487548828,-0.002363378406259109
803,2023-03-13,187.48468017578125,-0.03235885346260425
804,2023-03-14,189.46713256835935,0.010573943378837214
805,2023-03-15,183.01190185546875,-0.03407045129878428
806,2023-03-16,188.20106506347656,0.028354239016137317
807,2023-03-17,183.237548828125,-0.02637347580194338
808,2023-03-20,185.97433471679688,0.014935726362717006
809,2023-03-21,190.58470153808597,0.024790339098724523
810,2023-03-22,186.41574096679688,-0.021874581420460837
811,2023-03-23,182.4626007080078,-0.021206043214414882
812,2023-03-24,182.9923248291016,0.002903192868227711
813,2023-03-27,185.31710815429688,0.01270426684488779
814,2023-03-28,185.9449005126953,0.0033876654165989617
815,2023-03-29,189.5743408203125,0.019518902092017232
816,2023-03-30,189.73129272460935,0.0008279174471486073
817,2023-03-31,190.476806640625,0.003929314481073698
818,2023-04-03,192.9291229248047,0.012874618844311625
819,2023-04-04,191.7324066162109,-0.006202880573194736
820,2023-04-05,192.2522735595703,0.002711419277180438
821,2023-04-06,193.04684448242188,0.00413295982481765
822,2023-04-10,192.29151916503903,-0.003912653011283074
823,2023-04-11,194.30242919921875,0.010457611666450095
824,2023-04-12,195.4304962158203,0.005805727809223393
825,2023-04-13,196.30352783203125,0.004467223044078095
826,2023-04-14,192.04627990722656,-0.021687067837351526
827,2023-04-17,194.42996215820312,0.012412019915866379
828,2023-04-18,197.8435821533203,0.017557067631066126
829,2023-04-19,200.59999084472656,0.01393226235294387
830,2023-04-20,200.0703125,-0.002640470433204367
831,2023-04-21,197.3531036376953,-0.013581269646413374
832,2023-04-24,196.7449493408203,-0.0030815542581558164
833,2023-04-25,197.34329223632807,0.003041210956176821
834,2023-04-26,194.58688354492188,-0.013967582379771248
835,2023-04-27,195.23431396484372,0.0033272048358408135
836,2023-04-28,197.71604919433597,0.01271157297655745
837,2023-05-01,198.2849884033203,0.0028775570385040083
838,2023-05-02,196.67626953125,-0.00811316522256389
839,2023-05-03,194.00814819335935,-0.013566056262149684
840,2023-05-04,191.74220275878903,-0.011679640549488335
841,2023-05-05,195.13619995117188,0.01770083551534274
842,2023-05-08,195.852294921875,0.0036697187445604573
843,2023-05-09,197.6375732421875,0.009115432224190423
844,2023-05-10,196.64683532714844,-0.005012902651992168
845,2023-05-11,197.5493011474609,0.004589272025716129
846,2023-05-12,196.4506683349609,-0.005561309537004733
847,2023-05-15,196.23486328125,-0.0010985203335778237
848,2023-05-16,195.79345703125,-0.0022493773156269103
849,2023-05-17,195.13619995117188,-0.003356889908600058
850,2023-05-18,196.8136138916016,0.008596118715284318
851,2023-05-19,197.34329223632807,0.002691268831729321
852,2023-05-22,194.4201202392578,-0.014812624051947054
853,2023-05-23,192.69369506835935,-0.008879868857060047
854,2023-05-24,190.368896484375,-0.012064736125173225
855,2023-05-25,186.95526123046875,-0.01793168588434002
856,2023-05-26,186.4647979736328,-0.0026234258057671322
857,2023-05-30,186.474609375,5.261798191291689e-05
858,2023-05-31,182.25662231445312,-0.022619632102644727
859,2023-06-01,184.12039184570312,0.010226073036920358
860,2023-06-02,188.69151306152344,0.02482680581980845
861,2023-06-05,187.6713409423828,-0.005406560701052832
862,2023-06-06,187.9656219482422,0.0015680657706267365
863,2023-06-07,188.9171142578125,0.005062054963605567
864,2023-06-08,187.94601440429688,-0.005140348757341151
865,2023-06-09,187.50457763671875,-0.0023487423714585454
866,2023-06-12,186.91603088378903,-0.003138839383804215
867,2023-06-13,188.23046875,0.007032237202961866
868,2023-06-14,185.2386474609375,-0.015894458048851368
869,2023-06-15,188.47080993652344,0.017448640010543803
870,2023-06-16,192.09713745117188,0.019240791270912272
871,2023-06-20,190.4514923095703,-0.008566734327417391
872,2023-06-21,191.0919952392578,0.0033630764554282155
873,2023-06-22,192.29421997070312,0.006291340094806586
874,2023-06-23,190.4219512939453,-0.00973647921941212
875,2023-06-26,187.99778747558597,-0.012730485124676005
876,2023-06-27,186.9828186035156,-0.005398834133631403
877,2023-06-28,182.2232666015625,-0.025454488479208393
878,2023-06-29,186.34231567382807,0.022604408037926405
879,2023-06-30,189.75184631347656,0.018297135716701662
880,2023-07-03,189.49563598632807,-0.001350238915331703
881,2023-07-05,188.33285522460935,-0.006136187546834093
882,2023-07-06,189.40695190429688,0.00570318268900305
883,2023-07-07,188.73687744140625,-0.003537750099210757
884,2023-07-10,185.34703063964844,-0.017960701945014423
885,2023-07-11,189.30841064453125,0.021372772961140818
886,2023-07-12,187.50509643554688,-0.009525800796936101
887,2023-07-13,187.2291717529297,-0.0014715583088805717
888,2023-07-14,185.5835418701172,-0.008789388252937957
889,2023-07-17,188.87481689453125,0.01773473547949367
890,2023-07-18,190.18544006347656,0.006939110202696774
891,2023-07-19,190.3726501464844,0.0009843554950650368
892,2023-07-20,196.4822540283203,0.032092865635556356
893,2023-07-21,196.8961181640625,0.0021063690346434516
894,2023-07-24,197.61546325683597,0.0036534244528583226
895,2023-07-25,192.66868591308597,-0.025032339383891156
896,2023-07-26,202.887451171875,0.0530380181416652
897,2023-07-27,208.1200256347656,0.025790527864918866
898,2023-07-28,202.97613525390625,-0.024715979950370004
899,2023-07-31,201.4290313720703,-0.00762209744461162
900,2023-08-01,200.2563934326172,-0.005821593498541389
901,2023-08-02,202.5524139404297,0.011465404267280377
902,2023-08-03,199.9410400390625,-0.012892336608415822
903,2023-08-04,197.9899139404297,-0.009758507299209906
904,2023-08-07,200.05929565429688,0.010451955216717934
905,2023-08-08,198.1475982666016,-0.00955565389472679
906,2023-08-09,198.0687713623047,-0.00039781912567438127
907,2023-08-10,198.6698760986328,0.003034828419410829
908,2023-08-11,198.82752990722656,0.0007935466195965191
909,2023-08-14,198.7289886474609,-0.0004956117485924727
910,2023-08-15,196.46250915527344,-0.011404876095898353
911,2023-08-16,199.0837554931641,0.013342221623663386
912,2023-08-17,197.1227569580078,-0.009850118259516205
913,2023-08-18,196.98480224609372,-0.0006998416318998446
914,2023-08-21,197.13262939453125,0.0007504495105812303
915,2023-08-22,196.19647216796875,-0.004748869983816406
916,2023-08-23,198.3446807861328,0.010949272402436039
917,2023-08-24,198.2362823486328,-0.0005465154753350188
918,2023-08-25,198.6895751953125,0.0022866290736953676
919,2023-08-28,197.8421173095703,-0.004265235782547339
920,2023-08-29,198.9851837158203,0.005777669698416199
921,2023-08-30,198.8176727294922,-0.000841826427475878
922,2023-08-31,197.94065856933597,-0.004411147903081392
923,2023-09-01,200.3253631591797,0.012047573283224144
924,2023-09-05,197.1424560546875,-0.015888687554571068
925,2023-09-06,198.99505615234372,0.009397265990955805
926,2023-09-07,201.0447235107422,0.01030009186172598
927,2023-09-08,201.6852569580078,0.0031860246619772603
928,2023-09-11,203.3407440185547,0.00820827008139502
929,2023-09-12,205.25244140625,0.009401447786189232
930,2023-09-13,206.80941772460935,0.007585665279750131
931,2023-09-14,209.7481384277344,0.01420980115633963
932,2023-09-15,209.9658203125,0.0010378251096641034
933,2023-09-18,211.855712890625,0.009000953466198558
934,2023-09-19,212.0140380859375,0.0007473255884973273
935,2023-09-20,211.5093994140625,-0.0023802134822339394
936,2023-09-21,210.25277709960935,-0.005941212626646042
937,2023-09-22,210.8365478515625,0.0027765186267982855
938,2023-09-25,209.9954833984375,-0.003989177690943535
939,2023-09-26,209.73825073242188,-0.0012249438028510973
940,2023-09-27,209.40182495117188,-0.0016040268290365978
941,2023-09-28,210.0350799560547,0.003024114068874484
942,2023-09-29,205.98814392089844,-0.019267905323258283
943,2023-10-02,204.2268829345703,-0.008550302715502278
944,2023-10-03,202.7525787353516,-0.007218952657134015
945,2023-10-04,205.48350524902344,0.013469256621571501
946,2023-10-05,208.5409698486328,0.014879367547794509
947,2023-10-06,207.34371948242188,-0.005741079880274613
948,2023-10-09,208.27381896972656,0.004485785678131071
949,2023-10-10,207.4624481201172,-0.0038956929566231757
950,2023-10-11,207.9670867919922,0.0024324338040337956
951,2023-10-12,207.13592529296875,-0.0039966011537910795
952,2023-10-13,208.71910095214844,0.0076431727472696664
953,2023-10-16,211.76666259765625,0.014601258972491094
954,2023-10-17,213.85446166992188,0.009858960077357981
955,2023-10-18,212.8946685791016,-0.004488066712873606
956,2023-10-19,208.33319091796875,-0.02142598352310554
957,2023-10-20,205.80015563964844,-0.012158577647465196
958,2023-10-23,204.3456268310547,-0.007067675940637286
959,2023-10-24,209.21383666992188,0.023823410925706057
960,2023-10-25,213.37950134277344,0.019911038099376555
961,2023-10-26,210.846435546875,-0.011871176846689258
962,2023-10-27,206.354248046875,-0.02130549415430505
963,2023-10-30,211.45001220703125,0.02469425373302081
964,2023-10-31,212.3603515625,0.004305222525016639
965,2023-11-01,217.9904327392578,0.026511922472028937
966,2023-11-02,216.29844665527344,-0.007761744690915839
967,2023-11-03,216.48643493652344,0.00086911526253175
968,2023-11-06,217.23843383789065,0.0034736536799071516
969,2023-11-07,216.6348571777344,-0.0027784064241903605
970,2023-11-08,216.70411682128903,0.00031970683045612347
971,2023-11-09,216.5260162353516,-0.000821860648288042
972,2023-11-10,220.0980224609375,0.016496891633120514
973,2023-11-13,219.66262817382807,-0.001978183548590029
974,2023-11-14,217.23843383789065,-0.011035988944004815
975,2023-11-15,215.9224395751953,-0.006057833503243626
976,2023-11-16,219.66262817382807,0.017321907838718342
977,2023-11-17,220.2860107421875,0.0028379090860468636
978,2023-11-20,220.8104248046875,0.002380605380855272
979,2023-11-21,222.91799926757807,0.009544723555306556
980,2023-11-22,224.2834625244141,0.0061254060296718205
981,2023-11-24,224.6495819091797,0.001632395811286047
982,2023-11-27,225.9457855224609,0.005769891055507292
983,2023-11-28,222.6211700439453,-0.014714217708588828
984,2023-11-29,222.710205078125,0.0003999396560627755
985,2023-11-30,227.014404296875,0.019326457075642844
986,2023-12-01,226.2525329589844,-0.0033560484421696346
987,2023-12-04,225.71820068359372,-0.002361663175225348
988,2023-12-05,224.4912567138672,-0.005435733432265111
989,2023-12-06,221.92852783203125,-0.011415718007683262
990,2023-12-07,220.78076171875,-0.005171782665768676
991,2023-12-08,220.56304931640625,-0.0009861022339486825
992,2023-12-11,222.10662841796875,0.006998357641257336
993,2023-12-12,224.67926025390625,0.011582868346892372
994,2023-12-13,223.7293701171875,-0.004227760655991508
995,2023-12-14,219.02134704589844,-0.021043384106534835
996,2023-12-15,218.58433532714844,-0.0019952928088713406
997,2023-12-18,218.8227081298828,0.0010905301259471756
998,2023-12-19,220.3125762939453,0.006808562862580914
999,2023-12-20,217.33282470703125,-0.013525108902264438
1000,2023-12-21,218.53466796875,0.005529966600023917
1001,2023-12-22,219.2796173095703,0.003408838276070858
1002,2023-12-26,220.57083129882807,0.005888435984612528
1003,2023-12-27,221.1866455078125,0.0027919113572643095
1004,2023-12-28,222.91488647460935,0.00781349598584069
1005,2023-12-29,224.47430419921875,0.006995574630620505
1006,2024-01-02,225.8152008056641,0.005973497105732362
1007,2024-01-03,224.88153076171875,-0.004134664276869704
1008,2024-01-04,225.76551818847656,0.003930902745830522
1009,2024-01-05,226.16282653808597,0.001759827420933835
1010,2024-01-08,224.6729431152344,-0.006587658306439925
1011,2024-01-09,223.7889404296875,-0.00393462013400292
1012,2024-01-10,223.72935485839844,-0.00026625789091572205
1013,2024-01-11,226.1727600097656,0.010921254177457485
1014,2024-01-12,226.0138397216797,-0.0007026499923290519
1015,2024-01-16,226.19261169433597,0.0007909779900046043
1016,2024-01-17,226.7091064453125,0.0022834289197495306
1017,2024-01-18,228.47708129882807,0.007798428926109491
1018,2024-01-19,235.71788024902344,0.03169157671760092
1019,2024-01-22,237.38653564453125,0.007079036150100082
1020,2024-01-23,238.72743225097656,0.005648579026626965
1021,2024-01-24,239.94911193847656,0.005117466710803598
1022,2024-01-25,239.5816192626953,-0.0015315442212409103
1023,2024-01-26,239.6114196777344,0.0001243852309320559
1024,2024-01-29,241.13108825683597,0.006342221005766202
1025,2024-01-30,241.52838134765625,0.0016476228498463197
1026,2024-01-31,243.34603881835935,0.007525647547344638
1027,2024-02-01,243.29635620117188,-0.0002041644788167707
1028,2024-02-02,245.02462768554688,0.007103565015770252
1029,2024-02-05,247.5673370361328,0.010377362368035659
1030,2024-02-06,245.9980010986328,-0.006339026611054677
1031,2024-02-07,245.2232666015625,-0.0031493528142925165
1032,2024-02-08,242.69049072265625,-0.010328448495148246
1033,2024-02-09,245.54112243652344,0.011745955539415265
1034,2024-02-12,246.3357086181641,0.0032360615352569067
1035,2024-02-13,245.15374755859372,-0.00479817183712683
1036,2024-02-14,246.4449615478516,0.005266955949548624
1037,2024-02-15,249.3651123046875,0.01184909903815945
1038,2024-02-16,249.2061920166016,-0.0006372996070586057
1039,2024-02-20,248.8188323974609,-0.001554373974443135
1040,2024-02-21,250.2590484619141,0.005788211650123776
1041,2024-02-22,253.71554565429688,0.013811677194596195
1042,2024-02-23,254.28170776367188,0.0022314837189614245
1043,2024-02-26,253.11959838867188,-0.004570165055207465
1044,2024-02-27,253.1493988037109,0.00011773254709912528
1045,2024-02-28,251.86810302734372,-0.0050614213678645825
1046,2024-02-29,249.97100830078125,-0.007532095981032216
1047,2024-03-01,248.92808532714844,-0.0041721757283864624
1048,2024-03-04,246.58401489257807,-0.009416657150155383
1049,2024-03-05,247.6765899658203,0.004430843068713219
1050,2024-03-06,248.85855102539065,0.00477219530409978
1051,2024-03-07,247.14024353027344,-0.0069047556856581815
1052,2024-03-08,247.1302947998047,-4.0255404488709345e-05
1053,2024-03-11,253.27853393554688,0.024878532762333982
1054,2024-03-12,256.00994873046875,0.010784233280570765
1055,2024-03-13,258.4533386230469,0.009544120862078564
1056,2024-03-14,256.7392883300781,-0.006631952607386027
1057,2024-03-15,255.4039306640625,-0.005201220563869513
1058,2024-03-18,256.749267578125,0.005267487115662384
1059,2024-03-19,257.5863647460937,0.0032603682801704004
1060,2024-03-20,257.61627197265625,0.00011610562768749055
1061,2024-03-21,255.42385864257807,-0.008510383731936355
1062,2024-03-22,254.62661743164065,-0.003121248011733413
1063,2024-03-25,254.7262725830078,0.00039137758798490907
1064,2024-03-26,255.19464111328125,0.0018387130841432953
1065,2024-03-27,257.6062927246094,0.009450243942456416
1066,2024-03-28,258.2341003417969,0.0024370818373549152
1067,2024-04-01,256.51007080078125,-0.006676227263299861
1068,2024-04-02,255.4537506103516,-0.004118045685816529
1069,2024-04-03,253.9091033935547,-0.006046680516948011
1070,2024-04-04,251.3579559326172,-0.010047483240422705
1071,2024-04-05,252.025634765625,0.002656286850084122
1072,2024-04-08,252.2847442626953,0.0010281077054374865
1073,2024-04-09,247.1724853515625,-0.02026384483165422
1074,2024-04-10,247.14259338378903,-0.00012093566050019877
1075,2024-04-11,243.68458557128903,-0.013991954058400813
1076,2024-04-12,244.9601593017578,0.005234527770717756
1077,2024-04-15,243.5948944091797,-0.005573416087210736
1078,2024-04-16,244.36224365234372,0.0031501039667731767
1079,2024-04-17,242.6880340576172,-0.0068513431932162305
1080,2024-04-18,244.54161071777344,0.007637692840332555
1081,2024-04-19,249.34495544433597,0.019642238850328342
1082,2024-04-22,250.6304931640625,0.0051556596259816345
1083,2024-04-23,249.0160980224609,-0.006441335693916583
1084,2024-04-24,242.1698303222656,-0.027493273545623476
1085,2024-04-25,245.10964965820312,0.012139494552336982
1086,2024-04-26,244.6013946533203,-0.0020735821930778497
1087,2024-04-29,248.35836791992188,0.015359574183648528
1088,2024-04-30,247.78038024902344,-0.002327232521856515
1089,2024-05-01,249.0659027099609,0.005188152749000974
1090,2024-05-02,249.3848114013672,0.0012804189089570261
1091,2024-05-03,247.6807098388672,-0.006833221128921818
1092,2024-05-06,251.1785888671875,0.014122533121759595
1093,2024-05-07,251.0789337158203,-0.000396750184068706
1094,2024-05-08,250.76004028320312,-0.0012700923486401727
1095,2024-05-09,253.1616973876953,0.009577511240546066
1096,2024-05-10,253.9589385986328,0.0031491383537241013
1097,2024-05-13,253.65997314453125,-0.0011772196550799974
1098,2024-05-14,252.2847442626953,-0.005421544695395686
1099,2024-05-15,252.0954132080078,-0.0007504657296691919
1100,2024-05-16,263.9642333984375,0.0470806669561914
1101,2024-05-17,273.33172607421875,0.03548773466457322
1102,2024-05-20,263.226806640625,-0.03696943482824944
1103,2024-05-21,264.08380126953125,0.0032557270281223794
1104,2024-05-22,266.515380859375,0.009207605987775036
1105,2024-05-23,262.1704406738281,-0.016302774614870952
1106,2024-05-24,263.8446655273437,0.006386016856867904
1107,2024-05-28,261.73199462890625,-0.008007252654568031
1108,2024-05-29,260.6258239746094,-0.004226348619950859
1109,2024-05-30,264.2332763671875,0.01384150019197472
1110,2024-05-31,269.8836975097656,0.02138421481299768
1111,2024-06-03,265.7181701660156,-0.01543452747307672
1112,2024-06-04,263.8944702148437,-0.00686328657928259
1113,2024-06-05,263.226806640625,-0.002530040033332792
1114,2024-06-06,262.838134765625,-0.001476566463576967
1115,2024-06-07,266.296142578125,0.013156415889130857
1116,2024-06-10,266.7645263671875,0.0017588831160972873
1117,2024-06-11,263.007568359375,-0.014083424280487922
1118,2024-06-12,262.1305847167969,-0.003334442609574717
1119,2024-06-13,262.29998779296875,0.0006462545236942674
1120,2024-06-14,259.4599914550781,-0.01082728353053608
