,Unnamed: 0,Date,Adj Close,daily_return
0,0,2020-01-02,83.50202941894531,
1,1,2020-01-03,82.16134643554688,-0.016055693409222194
2,2,2020-01-06,82.4041976928711,0.0029557847803129977
3,3,2020-01-07,82.65681457519531,0.0030655826935630515
4,4,2020-01-08,83.47289276123047,0.009873090201083734
5,5,2020-01-09,84.784423828125,0.015712059610131
6,6,2020-01-10,85.0953140258789,0.003666831520659386
7,7,2020-01-13,84.96902465820312,-0.0014840930916286688
8,8,2020-01-14,85.48393249511719,0.00605994759837869
9,9,2020-01-15,86.09600067138672,0.00716003766327078
10,10,2020-01-16,86.91205596923828,0.009478434439321948
11,11,2020-01-17,87.55325317382812,0.007377540404944316
12,12,2020-01-21,87.05778503417969,-0.005659048883823181
13,13,2020-01-22,87.56297302246094,0.005802904221407834
14,14,2020-01-23,86.53317260742188,-0.011760683534293714
15,15,2020-01-24,85.7462387084961,-0.009094014182236099
16,16,2020-01-27,84.09465789794922,-0.01926126248128046
17,17,2020-01-28,84.69700622558594,0.007162741875562206
18,18,2020-01-29,84.75527954101562,0.0006880209587867281
19,19,2020-01-30,81.97674560546875,-0.032783018952845966
20,20,2020-01-31,80.20857238769531,-0.021569204836249134
21,21,2020-02-03,79.81025695800781,-0.004965995751204821
22,22,2020-02-04,81.14124298095703,0.016676879309504233
23,23,2020-02-05,82.51107788085938,0.01688210396559775
24,24,2020-02-06,82.4041976928711,-0.0012953434948772546
25,25,2020-02-07,80.80120086669922,-0.019452853993511487
26,26,2020-02-10,82.02532196044922,0.015149788377148976
27,27,2020-02-11,82.66650390625,0.007816878135631589
28,28,2020-02-12,82.99684143066406,0.003996026308173084
29,29,2020-02-13,83.03568267822266,0.0004679846472355198
30,30,2020-02-14,83.37574768066406,0.004095408039929138
31,31,2020-02-18,82.37506866455078,-0.012002039489300453
32,32,2020-02-19,82.91913604736328,0.006604757867068489
33,33,2020-02-20,81.93788146972656,-0.011833873631729941
34,34,2020-02-21,82.64708709716797,0.008655405957785689
35,35,2020-02-24,78.20724487304688,-0.05372049251900657
36,36,2020-02-25,75.72986602783203,-0.03167710164494797
37,37,2020-02-26,75.88532257080078,0.002052777208289447
38,38,2020-02-27,75.22468566894531,-0.00870572700325678
39,39,2020-02-28,74.87495422363281,-0.004649157948650284
40,40,2020-03-02,79.6353759765625,0.06357829266528148
41,41,2020-03-03,78.0323715209961,-0.020129301028705915
42,42,2020-03-04,81.94757080078125,0.0501740393566239
43,43,2020-03-05,78.16838836669922,-0.0461170770182977
44,44,2020-03-06,76.32251739501953,-0.02361403388567307
45,45,2020-03-09,68.73494720458984,-0.0994145692438182
46,46,2020-03-10,70.83343505859375,0.030530144262099324
47,47,2020-03-11,66.87935638427734,-0.055822206999358026
48,48,2020-03-12,61.61371612548828,-0.07873341705822634
49,49,2020-03-13,67.22907257080078,0.09113809064650047
50,50,2020-03-16,62.30348587036133,-0.07326572436726952
51,51,2020-03-17,68.43377685546875,0.09839402883272208
52,52,2020-03-18,66.90848541259766,-0.022288576094411483
53,53,2020-03-19,63.8870735168457,-0.04515737992154689
54,54,2020-03-20,64.56713104248047,0.010644681125602684
55,55,2020-03-23,61.56513595581055,-0.04649416875429746
56,56,2020-03-24,65.09175872802734,0.05728279029137684
57,57,2020-03-25,67.03479766845703,0.02985076726146363
58,58,2020-03-26,71.6203384399414,0.06840537945924297
59,59,2020-03-27,68.89039611816406,-0.038116858719769775
60,60,2020-03-30,70.77993774414062,0.02742822994856242
61,61,2020-03-31,69.75724792480469,-0.014448865765223085
62,62,2020-04-01,67.12747192382812,-0.03769896432570485
63,63,2020-04-02,70.4098129272461,0.04889713420375119
64,64,2020-04-03,68.58843994140625,-0.02586816965018579
65,65,2020-04-06,72.42598724365234,0.05595035118927383
66,66,2020-04-07,72.10454559326172,-0.00443820875108325
67,67,2020-04-08,74.69538879394531,0.03593175963272022
68,68,2020-04-09,76.29271697998047,0.02138456217747997
69,69,2020-04-13,74.22785186767578,-0.027065035747075528
70,70,2020-04-14,76.77972412109375,0.03437890480741834
71,71,2020-04-15,75.04601287841797,-0.02258032654482378
72,72,2020-04-16,76.7018051147461,0.022063693630342218
73,73,2020-04-17,77.48100280761719,0.010158792113241777
74,74,2020-04-20,75.35769653320312,-0.02740421777562896
75,75,2020-04-21,71.83185577392578,-0.04678806441122885
76,76,2020-04-22,73.21490478515625,0.01925397856326172
77,77,2020-04-23,73.1369857788086,-0.0010642506000151375
78,78,2020-04-24,73.77982330322266,0.008789499834710446
79,79,2020-04-27,74.26681518554688,0.006600610580520971
80,80,2020-04-28,73.48763275146484,-0.010491663499173076
81,81,2020-04-29,76.67259216308594,0.04334007359296255
82,82,2020-04-30,74.66615295410156,-0.026168923632014285
83,83,2020-05-01,72.27986907958984,-0.03195937891669076
84,84,2020-05-04,72.62077331542969,0.004716447887647135
85,85,2020-05-05,74.38369750976562,0.0242757562864091
86,86,2020-05-06,75.84468078613281,0.01964117575864499
87,87,2020-05-07,76.45828247070312,0.008090240188373343
88,88,2020-05-08,77.63683319091797,0.0154142976029632
89,89,2020-05-11,79.15625,0.019570824138918752
90,90,2020-05-12,77.77317810058594,-0.01747268092429921
91,91,2020-05-13,78.07513427734375,0.0038825233085793
92,92,2020-05-14,79.51663970947266,0.018463054152533243
93,93,2020-05-15,79.46794128417969,-0.0006124306242177857
94,94,2020-05-18,81.48410034179688,0.025370722143251978
95,95,2020-05-19,79.83802795410156,-0.02020114820916752
96,96,2020-05-20,79.58480834960938,-0.003171666572698406
97,97,2020-05-21,78.64976501464844,-0.011749017863476818
98,98,2020-05-22,82.76976776123047,0.05238417108830129
99,99,2020-05-26,83.88984680175781,0.013532465667397853
100,100,2020-05-27,83.93853759765625,0.0005804134559155294
101,101,2020-05-28,84.4352798461914,0.005917928316981236
102,102,2020-05-29,85.84758758544922,0.01672651220947574
103,103,2020-06-01,87.571533203125,0.02008146840422076
104,104,2020-06-02,87.941650390625,0.004226455492579939
105,105,2020-06-03,88.1364517211914,0.0022151202496327738
106,106,2020-06-04,88.76953125,0.007182947763897607
107,107,2020-06-05,88.02930450439453,-0.008338747937293722
108,108,2020-06-08,87.941650390625,-0.0009957378882297085
109,109,2020-06-09,87.4351806640625,-0.005759156489704598
110,110,2020-06-10,87.47412109375,0.0004453634039724985
111,111,2020-06-11,82.81844329833984,-0.05322348755491302
112,112,2020-06-12,83.8703842163086,0.012701771200640755
113,113,2020-06-15,84.69825744628906,0.009870864879375274
114,114,2020-06-16,85.16578674316406,0.0055199399724543685
115,115,2020-06-17,85.63330078125,0.005489458337252673
116,116,2020-06-18,85.91575622558594,0.003298429953756843
117,117,2020-06-19,86.42222595214844,0.005894957442179605
118,118,2020-06-22,86.22743225097656,-0.0022539769026515
119,119,2020-06-23,86.95791625976562,0.008471596448133667
120,120,2020-06-24,84.30867004394531,-0.030465842901597706
121,121,2020-06-25,84.99047088623047,0.00808695999984077
122,122,2020-06-26,83.66584014892578,-0.015585638289707271
123,123,2020-06-29,85.1982192993164,0.01831546958308161
124,124,2020-06-30,86.25233459472656,0.012372503839626736
125,125,2020-07-01,85.99857330322266,-0.0029420802659574363
126,126,2020-07-02,86.55490112304688,0.006469035455537897
127,127,2020-07-06,87.16980743408203,0.007104234457630643
128,128,2020-07-07,87.07220458984375,-0.001119686358285077
129,129,2020-07-08,87.39429473876953,0.0036991155839340983
130,130,2020-07-09,87.76517486572266,0.004243756735628157
131,131,2020-07-10,87.27716827392578,-0.005560367110798881
132,132,2020-07-13,87.12100219726562,-0.001789311909960456
133,133,2020-07-14,88.51673889160156,0.016020668485603684
134,134,2020-07-15,90.65424346923828,0.02414802673937566
135,135,2020-07-16,90.6347427368164,-0.00021511108223515318
136,136,2020-07-17,92.10855865478516,0.01626104817496299
137,137,2020-07-20,92.92840576171876,0.008900878690397462
138,138,2020-07-21,93.71900939941406,0.008507663843093427
139,139,2020-07-22,94.04110717773438,0.003436845741162209
140,140,2020-07-23,94.34367370605467,0.0032173858581701076
141,141,2020-07-24,92.53801727294922,-0.019139136331825624
142,142,2020-07-27,94.93904113769533,0.02594635086749353
143,143,2020-07-28,93.01626586914062,-0.020252735286908963
144,144,2020-07-29,94.77312469482422,0.018887651630255853
145,145,2020-07-30,93.63116455078124,-0.012049409025186919
146,146,2020-07-31,94.0215835571289,0.004169754891128363
147,147,2020-08-03,96.7154312133789,0.028651375081479857
148,148,2020-08-04,95.19283294677734,-0.015743074786507716
149,149,2020-08-05,95.544189453125,0.0036909974781831334
150,150,2020-08-06,95.11473846435548,-0.004494789177945879
151,151,2020-08-07,95.4368133544922,0.00338617227294824
152,152,2020-08-10,94.8121566772461,-0.006545238208298887
153,153,2020-08-11,93.9923095703125,-0.008647067376860385
154,154,2020-08-12,95.2904281616211,0.013810902160431793
155,155,2020-08-13,96.4030990600586,0.011676628176654935
156,156,2020-08-14,95.0366668701172,-0.014174152109883043
157,157,2020-08-17,95.17330932617188,0.0014377867043824377
158,158,2020-08-18,95.5149154663086,0.0035893061043614782
159,159,2020-08-19,95.6125030517578,0.001021699961443412
160,160,2020-08-20,95.4368133544922,-0.0018375180196934515
161,161,2020-08-21,95.94436645507812,0.005318210895209452
162,162,2020-08-24,95.26114654541016,-0.007121000793599008
163,163,2020-08-25,95.98341369628906,0.007581969953874168
164,164,2020-08-26,96.9496841430664,0.010067056479516445
165,165,2020-08-27,96.64710998535156,-0.003120940108152781
166,166,2020-08-28,97.50602722167967,0.008887148684097124
167,167,2020-08-31,98.0135726928711,0.005205272798547211
168,168,2020-09-01,98.69680786132812,0.006970821996234777
169,169,2020-09-02,100.94168090820312,0.022745143389329314
170,170,2020-09-03,97.25226593017578,-0.03654996573102953
171,171,2020-09-04,94.51934051513672,-0.028101406058766987
172,172,2020-09-08,92.8600845336914,-0.017554671587870385
173,173,2020-09-09,95.5832290649414,0.0293252428632238
174,174,2020-09-10,96.2079086303711,0.006535451580164331
175,175,2020-09-11,96.23719024658205,0.00030435768356062987
176,176,2020-09-14,97.03752899169922,0.008316314546034764
177,177,2020-09-15,97.96475219726562,0.009555305202028741
178,178,2020-09-16,97.52555084228516,-0.004483258979679494
179,179,2020-09-17,97.21321868896484,-0.003202567436152215
180,180,2020-09-18,96.9984893798828,-0.0022088488785571014
181,181,2020-09-21,95.77843475341795,-0.01257807863055116
182,182,2020-09-22,96.2567138671875,0.004993599185462605
183,183,2020-09-23,94.5876693725586,-0.01733951251371213
184,184,2020-09-24,94.03133392333984,-0.005881691058772898
185,185,2020-09-25,95.34898376464844,0.014012880455177124
186,186,2020-09-28,97.12537384033205,0.018630403865323775
187,187,2020-09-29,97.81836700439452,0.007135037289037527
188,188,2020-09-30,98.52110290527344,0.007184089475214206
189,189,2020-10-01,98.79439544677734,0.002773949270205245
190,190,2020-10-02,97.61339569091795,-0.011954116936680026
191,191,2020-10-05,100.8303451538086,0.03295602453045232
192,192,2020-10-06,99.37342071533205,-0.014449265608028283
193,193,2020-10-07,101.5734634399414,0.022139146552191846
194,194,2020-10-08,101.84725952148438,0.002695547363164019
195,195,2020-10-09,103.41173553466795,0.015361002549642011
196,196,2020-10-12,103.08905029296876,-0.003120392864802257
197,197,2020-10-13,103.07926940917967,-9.487800849161676e-05
198,198,2020-10-14,102.72725677490234,-0.0034149702097712176
199,199,2020-10-15,102.9814910888672,0.0024748476883982296
200,200,2020-10-16,104.33084106445312,0.013102839756141238
201,201,2020-10-19,103.14771270751952,-0.011340159293863006
202,202,2020-10-20,103.26506042480467,0.0011376666937628066
203,203,2020-10-21,102.50237274169922,-0.0073857283380066585
204,204,2020-10-22,104.39928436279295,0.018506026449493618
205,205,2020-10-23,103.8126220703125,-0.005619409137344045
206,206,2020-10-26,102.30680847167967,-0.014505110925846165
207,207,2020-10-27,103.68549346923828,0.013475984816203601
208,208,2020-10-28,99.40277099609376,-0.0413049340833308
209,209,2020-10-29,99.75477600097656,0.003541199117041094
210,210,2020-10-30,99.82320404052734,0.00068596254028086
211,211,2020-11-02,102.90325927734376,0.03085510294345939
212,212,2020-11-03,104.65352630615234,0.017008859010882116
213,213,2020-11-04,106.08110809326172,0.013641028998231164
214,214,2020-11-05,107.89002227783205,0.017052180327716826
215,215,2020-11-06,110.04118347167967,0.01993846278303746
216,216,2020-11-09,110.0020751953125,-0.0003553967263286717
217,217,2020-11-10,107.75313568115234,-0.020444518979910953
218,218,2020-11-11,106.9806900024414,-0.007168660789572234
219,219,2020-11-12,107.01002502441406,0.0002742085695277563
220,220,2020-11-13,107.72379302978516,0.006670104087988404
221,221,2020-11-16,107.8215789794922,0.0009077469977316621
222,222,2020-11-17,107.42068481445312,-0.003718125525831173
223,223,2020-11-18,103.5975112915039,-0.03559066421474555
224,224,2020-11-19,106.26688385009766,0.0257667633644465
225,225,2020-11-20,108.42781066894533,0.020334903410698768
226,226,2020-11-23,109.718505859375,0.011903728226796417
227,227,2020-11-24,112.13367462158205,0.022012410242831182
228,228,2020-11-25,111.8109893798828,-0.002877683646667406
229,229,2020-11-27,111.55675506591795,-0.002273786462089755
230,230,2020-11-30,114.30437469482422,0.024629791600542017
231,231,2020-12-01,112.7985610961914,-0.013173718002072232
232,232,2020-12-02,112.02611541748048,-0.006848010038463248
233,233,2020-12-03,111.05812072753906,-0.008640794928343798
234,234,2020-12-04,112.59323120117188,0.013822586440112028
235,235,2020-12-07,111.85987854003906,-0.006513292613678723
236,236,2020-12-08,114.41194915771484,0.02281488815279098
237,237,2020-12-09,113.8154754638672,-0.005213386348530857
238,238,2020-12-10,116.17195129394533,0.02070435343237853
239,239,2020-12-11,115.84930419921876,-0.0027773235375050387
240,240,2020-12-14,114.14791870117188,-0.014686195224108745
241,241,2020-12-15,114.78347778320312,0.005567855194058113
242,242,2020-12-16,114.63683319091795,-0.0012775757898026985
243,243,2020-12-17,116.32842254638672,0.014756071921941283
244,244,2020-12-18,116.65108489990234,0.0027737189798733297
245,245,2020-12-21,115.16482543945312,-0.012741068475484507
246,246,2020-12-22,114.7639389038086,-0.0034809807084307254
247,247,2020-12-23,114.6955108642578,-0.0005962503570755562
248,248,2020-12-24,114.7052764892578,8.514391650038533e-05
249,249,2020-12-28,115.21372985839844,0.004432693810630939
250,250,2020-12-29,114.62705993652344,-0.005092013969134057
251,251,2020-12-30,114.78347778320312,0.0013645804643886983
252,252,2020-12-31,115.85904693603516,0.009370417882471838
253,253,2021-01-04,116.19597625732422,0.002908096779659086
254,254,2021-01-05,117.14599609375,0.008176013206532273
255,255,2021-01-06,120.35843658447266,0.02742253766959135
256,256,2021-01-07,123.56106567382812,0.026609095134828564
257,257,2021-01-08,124.4425277709961,0.007133817536786324
258,258,2021-01-11,125.51007843017578,0.00857866420990927
259,259,2021-01-12,124.35436248779295,-0.009208152499289413
260,260,2021-01-13,124.36418151855467,7.896008282526346e-05
261,261,2021-01-14,123.4337387084961,-0.007481597986633837
262,262,2021-01-15,123.61003875732422,0.0014282970820844731
263,263,2021-01-19,124.72655487060548,0.009032568264728535
264,264,2021-01-20,125.47090911865234,0.00596788910604551
265,265,2021-01-21,124.3837661743164,-0.008664502010644393
266,266,2021-01-22,123.72757720947266,-0.005275519346504942
267,267,2021-01-25,122.89508056640624,-0.006728464759776176
268,268,2021-01-26,121.3672103881836,-0.012432313573341625
269,269,2021-01-27,116.35269165039062,-0.04131691518454139
270,270,2021-01-28,119.05583190917967,0.023232296738878055
271,271,2021-01-29,117.6944580078125,-0.011434751910395113
272,272,2021-02-01,118.34085845947266,0.005492191073408481
273,273,2021-02-02,120.65225982666016,0.019531727226561157
274,274,2021-02-03,119.63367462158205,-0.008442321814290943
275,275,2021-02-04,121.51412963867188,0.01571844234525077
276,276,2021-02-05,120.64247131347656,-0.007173308386335231
277,277,2021-02-08,120.8677215576172,0.0018670891079091145
278,278,2021-02-09,120.70121002197266,-0.0013776344378690908
279,279,2021-02-10,122.50331115722656,0.014930265694319544
280,280,2021-02-11,124.34458923339844,0.015030435167656009
281,281,2021-02-12,125.34358978271484,0.008034129635035914
282,282,2021-02-16,125.31420135498048,-0.0002344629492845307
283,283,2021-02-17,127.4394760131836,0.01695956751288552
284,284,2021-02-18,125.04975128173828,-0.018751840530151664
285,285,2021-02-19,124.25643920898438,-0.006343971616277533
286,286,2021-02-22,120.95587158203124,-0.026562547969059214
287,287,2021-02-23,119.89813232421876,-0.008744835980079912
288,288,2021-02-24,122.44454956054688,0.021238172663459842
289,289,2021-02-25,119.58470916748048,-0.023356208204696305
290,290,2021-02-26,119.5553207397461,-0.0002457540595196539
291,291,2021-03-01,121.9156723022461,0.01974275630641431
292,292,2021-03-02,121.0929718017578,-0.006748111091482212
293,293,2021-03-03,116.8423843383789,-0.035101851082964264
294,294,2021-03-04,112.62117767333984,-0.036127358140983556
295,295,2021-03-05,113.74747467041016,0.010000756699038993
296,296,2021-03-08,113.688720703125,-0.0005165298610400049
297,297,2021-03-09,117.37126159667967,0.03239143576231163
298,298,2021-03-10,117.5181655883789,0.0012516180681778621
299,299,2021-03-11,119.32025909423828,0.01533459526735137
300,300,2021-03-12,118.93828582763672,-0.003201244025961114
301,301,2021-03-15,121.48474884033205,0.02140995218634334
302,302,2021-03-16,120.46617126464844,-0.008384406976239656
303,303,2021-03-17,119.99606323242188,-0.003902407018430032
304,304,2021-03-18,120.0645980834961,0.0005711424960790357
305,305,2021-03-19,120.16253662109376,0.0008157153662360361
306,306,2021-03-22,121.0635986328125,0.007498693328687356
307,307,2021-03-23,119.4671859741211,-0.013186562077452724
308,308,2021-03-24,118.35066223144533,-0.009345861238563291
309,309,2021-03-25,119.38883972167967,0.008772046312711668
310,310,2021-03-26,123.05178833007812,0.030680829271291676
311,311,2021-03-29,122.83631896972656,-0.0017510461511829334
312,312,2021-03-30,122.26825714111328,-0.0046245429151395845
313,313,2021-03-31,124.5208740234375,0.018423562541865612
314,314,2021-04-01,125.05956268310548,0.004326091218783024
315,315,2021-04-05,127.51573181152344,0.019639994541175154
316,316,2021-04-06,128.5358123779297,0.007999644843147635
317,317,2021-04-07,126.86830139160156,-0.012973123641411233
318,318,2021-04-08,128.19253540039062,0.010437863471518982
319,319,2021-04-09,129.38922119140625,0.009335066096305411
320,320,2021-04-12,128.76144409179688,-0.0048518500523370145
321,321,2021-04-13,130.42893981933594,0.01295027202669674
322,322,2021-04-14,129.44802856445312,-0.007520656506458834
323,323,2021-04-15,130.73301696777344,0.009926674183998951
324,324,2021-04-16,132.00820922851562,0.009754171442830861
325,325,2021-04-19,130.94879150390625,-0.008025392744896997
326,326,2021-04-20,129.9287109375,-0.007789919667764322
327,327,2021-04-21,131.2725067138672,0.010342562214856299
328,328,2021-04-22,131.95913696289062,0.005230571627005354
329,329,2021-04-23,134.06805419921875,0.015981593126978222
330,330,2021-04-26,134.71542358398438,0.004828662492585067
331,331,2021-04-27,133.8718719482422,-0.006261730196144177
332,332,2021-04-28,132.22398376464844,-0.012309443048879265
333,333,2021-04-29,131.5863800048828,-0.004822149065637937
334,334,2021-04-30,131.0861358642578,-0.003801640721527888
335,335,2021-05-03,130.64476013183594,-0.00336706646749374
336,336,2021-05-04,128.3985137939453,-0.017193543281980084
337,337,2021-05-05,130.82130432128906,0.018869303512592417
338,338,2021-05-06,129.86981201171875,-0.00727322139545028
339,339,2021-05-07,131.34117126464844,0.011329493976605765
340,340,2021-05-10,129.34996032714844,-0.015160599820506993
341,341,2021-05-11,128.9085693359375,-0.0034123782496305877
342,342,2021-05-12,126.1816864013672,-0.021153620342058144
343,343,2021-05-13,127.53532409667967,0.010727687463351288
344,344,2021-05-14,128.6437225341797,0.008690913245806176
345,345,2021-05-17,127.62360382080078,-0.007929797842314956
346,346,2021-05-18,126.2895965576172,-0.01045266881083129
347,347,2021-05-19,127.7217025756836,0.011339857415832544
348,348,2021-05-20,129.62460327148438,0.014898804646557018
349,349,2021-05-21,129.77175903320312,0.0011352456092810215
350,350,2021-05-24,130.79185485839844,0.007860691977938927
351,351,2021-05-25,130.68397521972656,-0.0008248192426713041
352,352,2021-05-26,130.74282836914062,0.0004503471012042848
353,353,2021-05-27,134.91160583496094,0.03188532417281165
354,354,2021-05-28,135.4903564453125,0.004289850430359232
355,355,2021-06-01,134.57806396484375,-0.006733265041169001
356,356,2021-06-02,133.9601593017578,-0.004591421847526034
357,357,2021-06-03,133.76394653320312,-0.0014647098777532674
358,358,2021-06-04,135.2647247314453,0.01121960167248548
359,359,2021-06-07,135.01950073242188,-0.0018129190704399
360,360,2021-06-08,136.09848022460938,0.007991286342598825
361,361,2021-06-09,137.45213317871094,0.009946128361371542
362,362,2021-06-10,140.32615661621094,0.020909267619464877
363,363,2021-06-11,140.78717041015625,0.0032853019355911783
364,364,2021-06-14,141.63070678710938,0.005991571351960934
365,365,2021-06-15,141.85629272460938,0.0015927756248443892
366,366,2021-06-16,140.84603881835938,-0.0071216714242718915
367,367,2021-06-17,144.11236572265625,0.023190761569867435
368,368,2021-06-18,142.2388458251953,-0.01300041039550015
369,369,2021-06-21,143.61212158203125,0.0096547166765093
370,370,2021-06-22,143.82791137695312,0.0015025876126941728
371,371,2021-06-23,144.42625427246094,0.004160130601769119
372,372,2021-06-24,143.8671417236328,-0.003871266700397502
373,373,2021-06-25,144.46546936035156,0.0041588901367632936
374,374,2021-06-28,145.10305786132812,0.004413431831147063
375,375,2021-06-29,145.96624755859375,0.0059488043187245765
376,376,2021-06-30,144.98532104492188,-0.006720228340994505
377,377,2021-07-01,144.9657440185547,-0.00013502764435802117
378,378,2021-07-02,146.1679229736328,0.008292848515468965
379,379,2021-07-06,146.32508850097656,0.0010752395200424036
380,380,2021-07-07,146.82598876953125,0.0034232015417599015
381,381,2021-07-08,146.17771911621094,-0.004415224162650722
382,382,2021-07-09,147.35638427734375,0.008063234043183876
383,383,2021-07-12,146.8456268310547,-0.003466137207382536
384,384,2021-07-13,146.60992431640625,-0.0016051040792628424
385,385,2021-07-14,145.98130798339844,-0.004287679268227151
386,386,2021-07-15,146.30540466308594,0.002220124508847121
387,387,2021-07-16,146.2759552001953,-0.00020128759397808338
388,388,2021-07-19,144.9500274658203,-0.009064563841407303
389,389,2021-07-20,146.63937377929688,0.01165468087872501
390,390,2021-07-21,146.29559326171875,-0.0023443943377413623
391,391,2021-07-22,147.62156677246094,0.009063659958438164
392,392,2021-07-23,149.59573364257812,0.013373160258894234
393,393,2021-07-26,147.5724639892578,-0.013524915477565735
394,394,2021-07-27,147.2777557373047,-0.001997040938305217
395,395,2021-07-28,148.76087951660156,0.010070249725574909
396,396,2021-07-29,149.9492950439453,0.007988763787936115
397,397,2021-07-30,150.49932861328125,0.003668130411515147
398,398,2021-08-02,150.34217834472656,-0.0010441924891140264
399,399,2021-08-03,151.1181182861328,0.005161159362923939
400,400,2021-08-04,151.5207977294922,0.002664666870698662
401,401,2021-08-05,152.27706909179688,0.004991204993883835
402,402,2021-08-06,152.92532348632812,0.004257071654961253
403,403,2021-08-09,153.75035095214844,0.005394969564305407
404,404,2021-08-10,153.73069763183594,-0.00012782618179918437
405,405,2021-08-11,153.73069763183594,0.0
406,406,2021-08-12,155.33163452148438,0.010413905058067607
407,407,2021-08-13,156.3924102783203,0.006829103164360362
408,408,2021-08-16,159.18179321289062,0.0178357947780603
409,409,2021-08-17,158.04244995117188,-0.007157497341388708
410,410,2021-08-18,160.11485290527344,0.01311295132884771
411,411,2021-08-19,164.6820068359375,0.028524236495199196
412,412,2021-08-20,165.13381958007812,0.0027435465040861473
413,413,2021-08-23,166.97048950195312,0.011122312355794195
414,414,2021-08-24,167.53030395507812,0.003352774821436144
415,415,2021-08-25,170.21170043945312,0.016005441529515663
416,416,2021-08-26,170.49647521972656,0.0016730623073395456
417,417,2021-08-27,170.71258544921875,0.0012675348813733223
418,418,2021-08-30,173.58055114746094,0.016799966392022858
419,419,2021-08-31,172.343017578125,-0.007129448323301091
420,420,2021-09-01,172.3233642578125,-0.00011403606939630606
421,421,2021-09-02,174.84756469726562,0.014648045262606768
422,422,2021-09-03,176.08511352539062,0.00707787283321748
423,423,2021-09-07,174.5529022216797,-0.008701537983731966
424,424,2021-09-08,175.54489135742188,0.0056830286011650966
425,425,2021-09-09,174.07162475585938,-0.008392534753761782
426,426,2021-09-10,174.07162475585938,0.0
427,427,2021-09-13,169.01341247558594,-0.029058224092339713
428,428,2021-09-14,169.34735107421875,0.0019758112314374188
429,429,2021-09-15,170.69290161132812,0.007945506844802441
430,430,2021-09-16,170.19203186035156,-0.002934332630404657
431,431,2021-09-17,170.8402862548828,0.0038089585478546795
432,432,2021-09-20,168.28659057617188,-0.014947854131437066
433,433,2021-09-21,168.3848114013672,0.0005836521190372146
434,434,2021-09-22,169.36700439453125,0.00583302606090097
435,435,2021-09-23,169.69113159179688,0.0019137564511124694
436,436,2021-09-24,169.3277130126953,-0.002141647449059314
437,437,2021-09-27,163.41497802734375,-0.034918885279624945
438,438,2021-09-28,157.0504608154297,-0.03894696366724171
439,439,2021-09-29,157.14866638183594,0.0006253121824435492
440,440,2021-09-30,154.7227020263672,-0.015437384301908108
441,441,2021-10-01,153.21014404296875,-0.00977592792517723
442,442,2021-10-04,149.83116149902344,-0.02205456149821028
443,443,2021-10-05,150.49005126953125,0.004397548306479093
444,444,2021-10-06,151.0997772216797,0.00405160305950325
445,445,2021-10-07,152.74205017089844,0.01086879795202722
446,446,2021-10-08,149.93936157226562,-0.01834916184179125
447,447,2021-10-11,147.53001403808594,-0.016068812811494193
448,448,2021-10-12,145.49435424804688,-0.013798275580137465
449,449,2021-10-13,147.72669982910156,0.015343176665459257
450,450,2021-10-14,150.05735778808594,0.0157768227522892
451,451,2021-10-15,150.72608947753906,0.004456507160398804
452,452,2021-10-18,152.2110137939453,0.009851806820925457
453,453,2021-10-19,153.03707885742188,0.005427104405170358
454,454,2021-10-20,154.97438049316406,0.012659034334725483
455,455,2021-10-21,154.3351593017578,-0.004124689444617191
456,456,2021-10-22,155.34808349609375,0.0065631460706594424
457,457,2021-10-25,155.7119140625,0.0023420344700642026
458,458,2021-10-26,155.5644073486328,-0.0009473052512088964
459,459,2021-10-27,152.6830291748047,-0.018522091414977182
460,460,2021-10-28,153.1747283935547,0.003220392085534707
461,461,2021-10-29,154.8760528564453,0.011107083268457885
462,462,2021-11-01,154.45315551757812,-0.0027305534397830122
463,463,2021-11-02,155.23004150390625,0.005029913333429503
464,464,2021-11-03,155.57423400878906,0.002217306015950271
465,465,2021-11-04,155.0333709716797,-0.003476559216604058
466,466,2021-11-05,153.81396484375,-0.007865442906175635
467,467,2021-11-08,158.26876831054688,0.028962282269508144
468,468,2021-11-09,157.15748596191406,-0.007021488576017143
469,469,2021-11-10,156.6363067626953,-0.0033162861827978896
470,470,2021-11-11,156.15443420410156,-0.0030763784498812896
471,471,2021-11-12,158.20977783203125,0.013162249528202663
472,472,2021-11-15,155.1612091064453,-0.01926915496223347
473,473,2021-11-16,158.71131896972656,0.02288013791414678
474,474,2021-11-17,158.8588104248047,0.0009293064668327577
475,475,2021-11-18,159.46852111816406,0.0038380665934041325
476,476,2021-11-19,161.572998046875,0.013196817239883751
477,477,2021-11-22,160.07821655273438,-0.00925143131717443
478,478,2021-11-23,152.2110137939453,-0.049145992054436594
479,479,2021-11-24,150.4310302734375,-0.011694183463737073
480,480,2021-11-26,149.5460205078125,-0.005883159638116697
481,481,2021-11-29,150.87359619140625,0.008877372190083666
482,482,2021-11-30,148.39540100097656,-0.016425638766412898
483,483,2021-12-01,145.75009155273438,-0.01782608780594741
484,484,2021-12-02,148.48390197753906,0.0187568350433287
485,485,2021-12-03,146.85147094726562,-0.010993993345624564
486,486,2021-12-06,148.95596313476562,0.01433075320202759
487,487,2021-12-07,151.24728393554688,0.015382538251981215
488,488,2021-12-08,153.71560668945312,0.01631978234371534
489,489,2021-12-09,152.04383850097656,-0.010875721889801238
490,490,2021-12-10,153.66641235351562,0.010671750125071044
491,491,2021-12-13,153.6959228515625,0.00019204260446303856
492,492,2021-12-14,149.35914611816406,-0.028216602320588757
493,493,2021-12-15,151.74879455566406,0.015999344530327253
494,494,2021-12-16,148.29702758789062,-0.022746585749696124
495,495,2021-12-17,148.90676879882812,0.004111621256711384
496,496,2021-12-20,147.92335510253906,-0.006604224268794923
497,497,2021-12-21,151.4046173095703,0.02353422963275853
498,498,2021-12-22,154.17782592773438,0.01831653926705412
499,499,2021-12-23,155.18089294433594,0.006505909721880032
500,500,2021-12-27,156.10528564453125,0.005956871897411231
501,501,2021-12-28,156.53797912597656,0.0027718054495002864
502,502,2021-12-29,157.98358154296875,0.00923483505449374
503,503,2021-12-30,158.20977783203125,0.001431770864119608
504,504,2021-12-31,157.0001678466797,-0.007645608267244919
505,505,2022-01-03,154.08544921875,-0.018565066954425724
506,506,2022-01-04,148.87640380859375,-0.03380621230990566
507,507,2022-01-05,146.32608032226562,-0.017130474817265262
508,508,2022-01-06,146.8380889892578,0.003499093708138279
509,509,2022-01-07,142.9288330078125,-0.026622901512504016
510,510,2022-01-10,142.9386749267578,6.885887709429106e-05
511,511,2022-01-11,144.39602661132812,0.0101956428889316
512,512,2022-01-12,147.22210693359375,0.019571731913874624
513,513,2022-01-13,142.9485321044922,-0.02902807817462638
514,514,2022-01-14,142.46603393554688,-0.003375327901881664
515,515,2022-01-18,138.32046508789062,-0.02909864711705068
516,516,2022-01-19,138.28109741210938,-0.0002846120836582644
517,517,2022-01-20,137.34564208984375,-0.006764882111672477
518,518,2022-01-21,135.40576171875,-0.014124076611217062
519,519,2022-01-24,136.00640869140625,0.004435904093238241
520,520,2022-01-25,132.5107421875,-0.025702219017030292
521,521,2022-01-26,131.46697998046875,-0.00787681202143109
522,522,2022-01-27,130.06871032714844,-0.010635900007196053
523,523,2022-01-28,134.96263122558594,0.03762565867016221
524,524,2022-01-31,137.18804931640625,0.016489142739819496
525,525,2022-02-01,138.87191772460938,0.01227416248422264
526,526,2022-02-02,142.03277587890625,0.02276095992686611
527,527,2022-02-03,139.62026977539062,-0.016985559062596023
528,528,2022-02-04,138.9604949951172,-0.004725494237583283
529,529,2022-02-07,138.2220001220703,-0.005314423160861836
530,530,2022-02-08,138.6552734375,0.0031346190551941877
531,531,2022-02-09,142.22972106933594,0.025779384679855966
532,532,2022-02-10,139.49224853515625,-0.019246838941947897
533,533,2022-02-11,135.10047912597656,-0.03148396742685544
534,534,2022-02-14,133.14096069335938,-0.014504156056989292
535,535,2022-02-15,133.8302459716797,0.005177109093480459
536,536,2022-02-16,133.08184814453125,-0.005592142655904575
537,537,2022-02-17,128.25685119628906,-0.03625586070161935
538,538,2022-02-18,130.02932739257812,0.013819738904835566
539,539,2022-02-22,128.49319458007812,-0.011813741125201616
540,540,2022-02-23,124.07189178466795,-0.034408847953848465
541,541,2022-02-24,126.18898010253906,0.017063399996716466
542,542,2022-02-25,131.68357849121094,0.04354261667070336
543,543,2022-02-28,128.36517333984375,-0.025199840324727107
544,544,2022-03-01,129.91114807128906,0.012043568292097184
545,545,2022-03-02,131.122314453125,0.009323036550884067
546,546,2022-03-03,135.0709686279297,0.030114280633875667
547,547,2022-03-04,131.84115600585938,-0.02391196757437375
548,548,2022-03-07,128.34547424316406,-0.026514343992402156
549,549,2022-03-08,127.34110260009766,-0.00782553221287352
550,550,2022-03-09,131.22076416015625,0.03046668735264757
551,551,2022-03-10,132.27444458007812,0.008029829933285937
552,552,2022-03-11,128.31594848632812,-0.029926386055271204
553,553,2022-03-14,125.6277084350586,-0.020950163116753684
554,554,2022-03-15,128.28639221191406,0.021163195683298053
555,555,2022-03-16,132.9341583251953,0.036229611209298795
556,556,2022-03-17,134.72630310058594,0.01348144674002083
557,557,2022-03-18,136.9910888671875,0.016810271747089267
558,558,2022-03-21,136.02609252929688,-0.0070442270798080076
559,559,2022-03-22,137.1585235595703,0.00832510152439725
560,560,2022-03-23,132.12669372558594,-0.03668623504684321
561,561,2022-03-24,134.32261657714844,0.016619827452302838
562,562,2022-03-25,133.63330078125,-0.005131792496779752
563,563,2022-03-28,133.34774780273438,-0.0021368399706227503
564,564,2022-03-29,136.3018341064453,0.022153252322498984
565,565,2022-03-30,133.3871307373047,-0.021384183039418136
566,566,2022-03-31,130.30503845214844,-0.023106369168598317
567,567,2022-04-01,131.91995239257812,0.01239333459099301
568,568,2022-04-04,132.9554901123047,0.00784974297629315
569,569,2022-04-05,131.42678833007812,-0.011497846241139031
570,570,2022-04-06,130.88438415527344,-0.004127044278388947
571,571,2022-04-07,134.06005859375,0.02426320342928867
572,572,2022-04-08,133.01466369628906,-0.007797959425251744
573,573,2022-04-11,129.45433044433594,-0.026766471853677642
574,574,2022-04-12,123.66507720947266,-0.044720429320459054
575,575,2022-04-13,126.52517700195312,0.023127788839170993
576,576,2022-04-14,124.70062255859376,-0.014420485207708444
577,577,2022-04-18,122.13639831542967,-0.02056304283452337
578,578,2022-04-19,124.78939819335938,0.021721615460430277
579,579,2022-04-20,127.5903091430664,0.02244510343232098
580,580,2022-04-21,123.5664520263672,-0.031537325551796225
581,581,2022-04-22,119.65106201171876,-0.031686513211635736
582,582,2022-04-25,119.7792739868164,0.0010715489937320744
583,583,2022-04-26,116.31755828857422,-0.02890079045414151
584,584,2022-04-27,116.06114196777344,-0.0022044506828851063
585,585,2022-04-28,119.39463806152344,0.028721896383508083
586,586,2022-04-29,117.62925720214844,-0.014786098337726927
587,587,2022-05-02,117.9251480102539,0.002515452491525849
588,588,2022-05-03,120.71620178222656,0.023668011607922423
589,589,2022-05-04,124.56256103515624,0.031862825338628165
590,590,2022-05-05,120.46965026855467,-0.03285827404790098
591,591,2022-05-06,119.41437530517578,-0.008759674831183117
592,592,2022-05-09,111.5540008544922,-0.06582435682969978
593,593,2022-05-10,115.03545379638672,0.031208678444761606
594,594,2022-05-11,112.42190551757812,-0.022719502488637855
595,595,2022-05-12,114.53245544433594,0.01877347583676925
596,596,2022-05-13,117.7377471923828,0.02798588169276317
597,597,2022-05-16,118.64510345458984,0.007706587596961745
598,598,2022-05-17,121.38685607910156,0.023108856115255483
599,599,2022-05-18,119.12834930419922,-0.018605859380941503
600,600,2022-05-19,120.71620178222656,0.013328922018156275
601,601,2022-05-20,123.4086456298828,0.022303914535958036
602,602,2022-05-23,124.24696350097656,0.006793023834067435
603,603,2022-05-24,122.69856262207033,-0.012462283465736856
604,604,2022-05-25,118.72399139404295,-0.032392973015255566
605,605,2022-05-26,122.14625549316406,0.02882537942784169
606,606,2022-05-27,128.7541046142578,0.05409784437856602
607,607,2022-05-31,125.8052215576172,-0.022903215905041185
608,608,2022-06-01,121.39672088623048,-0.03504227103457447
609,609,2022-06-02,127.32403564453124,0.04882598734982024
610,610,2022-06-03,126.72244262695312,-0.004724897498989633
611,611,2022-06-06,125.87425231933594,-0.006693291969711357
612,612,2022-06-07,127.12678527832033,0.009950668511673033
613,613,2022-06-08,125.09513092041016,-0.015981324104611283
614,614,2022-06-09,122.43226623535156,-0.02128671728040954
615,615,2022-06-10,118.91139221191406,-0.028757729736614723
616,616,2022-06-13,114.68038940429688,-0.03558113927450324
617,617,2022-06-14,114.41411590576172,-0.00232187473305856
618,618,2022-06-15,114.86779022216795,0.003965195315409398
619,619,2022-06-16,113.37855529785156,-0.012964773862507828
620,620,2022-06-17,111.15948486328124,-0.019572223589731874
621,621,2022-06-21,112.31340789794922,0.010380787893063959
622,622,2022-06-22,112.2345199584961,-0.0007023911118858583
623,623,2022-06-23,116.96849060058594,0.042179274645986364
624,624,2022-06-24,119.62149047851562,0.022681320963514162
625,625,2022-06-27,118.91139221191406,-0.0059362098211700465
626,626,2022-06-28,115.4496612548828,-0.029111852890108758
627,627,2022-06-29,116.27810668945312,0.0071758152043541745
628,628,2022-06-30,117.1361312866211,0.007379072652597518
629,629,2022-07-01,117.77833557128906,0.005482546483429163
630,630,2022-07-05,119.11211395263672,0.011324479793996867
631,631,2022-07-06,119.72467803955078,0.005142752207031087
632,632,2022-07-07,121.6710205078125,0.016256819397073352
633,633,2022-07-08,121.03870391845705,-0.005196936679879749
634,634,2022-07-11,121.64137268066406,0.0049791409086223926
635,635,2022-07-12,117.80797576904295,-0.03151392348789617
636,636,2022-07-13,117.22505950927734,-0.004948020335298731
637,637,2022-07-14,114.4883270263672,-0.023345967955712976
638,638,2022-07-15,117.40290069580078,0.025457387186401448
639,639,2022-07-18,113.72757720947266,-0.03130521873434067
640,640,2022-07-19,117.630126953125,0.0343148938842186
641,641,2022-07-20,118.42052459716795,0.006719347028826483
642,642,2022-07-21,125.6624984741211,0.06115471875832523
643,643,2022-07-22,123.53832244873048,-0.016903818173152563
644,644,2022-07-25,122.76769256591795,-0.006237982413370924
645,645,2022-07-26,123.66676330566406,0.007323349661095602
646,646,2022-07-27,126.17626190185548,0.02029242562117317
647,647,2022-07-28,129.53543090820312,0.026622828697845824
648,648,2022-07-29,132.489501953125,0.02280511999080237
649,649,2022-08-01,131.82757568359375,-0.004996065799729887
650,650,2022-08-02,129.70338439941406,-0.016113406266971553
651,651,2022-08-03,132.94395446777344,0.024984468087434264
652,652,2022-08-04,132.16346740722656,-0.005870797688179774
653,653,2022-08-05,132.00540161132812,-0.001195987052998504
654,654,2022-08-08,130.92849731445312,-0.008158032048156572
655,655,2022-08-09,127.33220672607422,-0.02746759232821283
656,656,2022-08-10,130.9877471923828,0.0287086869873594
657,657,2022-08-11,130.36534118652344,-0.004751635318571035
658,658,2022-08-12,131.9461212158203,0.012125769126282826
659,659,2022-08-15,132.29190063476562,0.0026206107141242274
660,660,2022-08-16,131.17547607421875,-0.008439099863181476
661,661,2022-08-17,140.5811309814453,0.07170284559824935
662,662,2022-08-18,138.28903198242188,-0.016304456956787172
663,663,2022-08-19,135.96722412109375,-0.016789530073673897
664,664,2022-08-22,132.33143615722656,-0.02674017938785833
665,665,2022-08-23,131.04705810546875,-0.009705766740351951
666,666,2022-08-24,132.0646514892578,0.007765099030075717
667,667,2022-08-25,134.37655639648438,0.017505857026508087
668,668,2022-08-26,128.310302734375,-0.04514369042328048
669,669,2022-08-29,126.57145690917967,-0.013551879998249583
670,670,2022-08-30,126.73941040039062,0.0013269460217359974
671,671,2022-08-31,126.70977020263672,-0.00023386725297414035
672,672,2022-09-01,127.38160705566406,0.005302170874060597
673,673,2022-09-02,126.47264862060548,-0.007135711788134214
674,674,2022-09-06,127.7471694946289,0.010077442735043407
675,675,2022-09-07,129.85157775878906,0.01647322811523133
676,676,2022-09-08,133.56643676757812,0.02860850112803215
677,677,2022-09-09,135.9771270751953,0.018048623336505365
678,678,2022-09-12,138.19021606445312,0.01627545041478906
679,679,2022-09-13,131.9362335205078,-0.04525633378435712
680,680,2022-09-14,131.64971923828125,-0.0021716118050468802
681,681,2022-09-15,131.560791015625,-0.0006754911683122256
682,682,2022-09-16,128.33006286621094,-0.02455692250307584
683,683,2022-09-19,129.1501007080078,0.006390068106268965
684,684,2022-09-20,126.60108184814452,-0.019736870864903944
685,685,2022-09-21,124.96102142333984,-0.012954553001149671
686,686,2022-09-22,122.89612579345705,-0.01652431779416552
687,687,2022-09-23,121.99705505371094,-0.007315696356914536
688,688,2022-09-26,120.8411102294922,-0.00947518629617583
689,689,2022-09-27,120.1495132446289,-0.005723192906369912
690,690,2022-09-28,122.2341766357422,0.017350577083644403
691,691,2022-09-29,121.26593017578124,-0.007921241723142125
692,692,2022-09-30,120.09024047851562,-0.009695136099326374
693,693,2022-10-03,125.07831573486328,0.041536058521258745
694,694,2022-10-04,130.0565185546875,0.03980068639856671
695,695,2022-10-05,131.2738494873047,0.00936001475470305
696,696,2022-10-06,130.8185577392578,-0.0034682592902168796
697,697,2022-10-07,126.12741088867188,-0.03585994931954639
698,698,2022-10-10,124.65274810791016,-0.01169185009326279
699,699,2022-10-11,124.345947265625,-0.0024612441116786954
700,700,2022-10-12,124.39543914794922,0.00039801765487768037
701,701,2022-10-13,126.58267211914062,0.017582903249290682
702,702,2022-10-14,124.4053192138672,-0.01720103446089427
703,703,2022-10-17,129.2152862548828,0.03866367669333104
704,704,2022-10-18,130.93736267089844,0.01332718802803834
705,705,2022-10-19,127.63175201416016,-0.025245740324300714
706,706,2022-10-20,124.6428451538086,-0.02341820756342794
707,707,2022-10-21,128.54229736328125,0.031285006408998006
708,708,2022-10-24,130.93736267089844,0.018632507406090237
709,709,2022-10-25,133.11468505859375,0.016628732573206406
710,710,2022-10-26,136.27183532714844,0.02371752047615927
711,711,2022-10-27,135.08419799804688,-0.008715207557382643
712,712,2022-10-28,137.34071350097656,0.016704511233522013
713,713,2022-10-31,136.92503356933594,-0.0030266329702566264
714,714,2022-11-01,139.43887329101562,0.018359241229666923
715,715,2022-11-02,133.87677001953125,-0.03988918685448639
716,716,2022-11-03,133.0751190185547,-0.005987976860060251
717,717,2022-11-04,134.6784210205078,0.012048097448851935
718,718,2022-11-07,136.6083221435547,0.014329698168595195
719,719,2022-11-08,137.32093811035156,0.005216490149465569
720,720,2022-11-09,135.58895874023438,-0.012612638640185803
721,721,2022-11-10,144.79315185546875,0.06788305774121373
722,722,2022-11-11,146.78245544433594,0.013738934220127286
723,723,2022-11-14,144.87232971191406,-0.013013310934468225
724,724,2022-11-15,146.4756317138672,0.011066999510129794
725,725,2022-11-16,145.60470581054688,-0.005945875727790817
726,726,2022-11-17,142.95233154296875,-0.0182162674812808
727,727,2022-11-18,144.68429565429688,0.012115675852460761
728,728,2022-11-21,143.64511108398438,-0.007182428235304017
729,729,2022-11-22,155.24440002441406,0.08074962560784948
730,730,2022-11-23,153.74993896484375,-0.009626505428442456
731,731,2022-11-25,155.34336853027344,0.010363773645425844
732,732,2022-11-28,150.73135375976562,-0.029689164166727955
733,733,2022-11-29,149.38536071777344,-0.008929748246920277
734,734,2022-11-30,153.3837432861328,0.026765558212315854
735,735,2022-12-01,154.51202392578125,0.007355933656826075
736,736,2022-12-02,154.066650390625,-0.0028824522767897376
737,737,2022-12-05,151.12722778320312,-0.019078902539707232
738,738,2022-12-06,149.7911376953125,-0.008840829726641242
739,739,2022-12-07,152.14663696289062,0.015725224494718804
740,740,2022-12-08,154.6703643798828,0.016587467638918163
741,741,2022-12-09,151.37466430664062,-0.0213078962246942
742,742,2022-12-12,153.7301483154297,0.015560622509573685
743,743,2022-12-13,156.03614807128906,0.015000309185468463
744,744,2022-12-14,153.21548461914062,-0.01807698720465556
745,745,2022-12-15,149.3061981201172,-0.02551495698193329
746,746,2022-12-16,147.7622528076172,-0.010340798519682948
747,747,2022-12-19,145.4364776611328,-0.01573998164140389
748,748,2022-12-20,146.40635681152344,0.006668747524609664
749,749,2022-12-21,148.54409790039062,0.014601422611855597
750,750,2022-12-22,147.47525024414062,-0.007195490573895014
751,751,2022-12-23,147.69296264648438,0.0014762639967271785
752,752,2022-12-27,148.0096893310547,0.0021444940835022575
753,753,2022-12-28,146.56471252441406,-0.009762717651603414
754,754,2022-12-29,149.5338134765625,0.02025795227929672
755,755,2022-12-30,148.32952880859375,-0.008053594300646338
756,756,2023-01-03,148.71609497070312,0.002606130857519373
757,757,2023-01-04,150.3317108154297,0.010863759198658673
758,758,2023-01-05,150.76783752441406,0.00290109589399834
759,759,2023-01-06,146.3670196533203,-0.02918936786090809
760,760,2023-01-09,146.1687774658203,-0.001354418420007164
761,761,2023-01-10,153.86029052734375,0.05262076617779754
762,762,2023-01-11,156.77435302734375,0.018939665913877413
763,763,2023-01-12,155.10919189453125,-0.010621387367626856
764,764,2023-01-13,155.53538513183594,0.0027476981350949004
765,765,2023-01-17,154.02879333496094,-0.009686488997972864
766,766,2023-01-18,152.71054077148438,-0.008558481404251528
767,767,2023-01-19,151.52110290527344,-0.007788839330945763
768,768,2023-01-20,154.544189453125,0.019951587533926007
769,769,2023-01-23,157.65650939941406,0.020138705682189784
770,770,2023-01-24,154.31626892089844,-0.02118682248668402
771,771,2023-01-25,154.38560485839844,0.00044931061374708925
772,772,2023-01-26,154.85147094726562,0.0030175487494088493
773,773,2023-01-27,154.31626892089844,-0.0034562282366012997
774,774,2023-01-30,150.40110778808594,-0.02537101992026125
775,775,2023-01-31,150.73809814453125,0.0022406108665111724
776,776,2023-02-01,154.07835388183594,0.022159333164081474
777,777,2023-02-02,154.12791442871094,0.00032165807607875685
778,778,2023-02-03,153.18629455566406,-0.0061093402615423065
779,779,2023-02-06,150.89669799804688,-0.014946484372237445
780,780,2023-02-07,153.1466522216797,0.014910559697349557
781,781,2023-02-08,153.05743408203125,-0.0005825666990049161
782,782,2023-02-09,151.0354461669922,-0.01321064819337936
783,783,2023-02-10,151.20394897460938,0.001115650742216312
784,784,2023-02-13,153.23585510253906,0.013438181619654044
785,785,2023-02-14,151.68960571289062,-0.010090650054543349
786,786,2023-02-15,150.4110107421875,-0.008429021650456225
787,787,2023-02-16,146.97161865234375,-0.02286662441048981
788,788,2023-02-17,146.95179748535156,-0.000134863908922922
789,789,2023-02-21,142.1544952392578,-0.03264541385805064
790,790,2023-02-22,140.8263397216797,-0.009343042689875736
791,791,2023-02-23,141.9364471435547,0.007882811014395141
792,792,2023-02-24,139.95408630371094,-0.013966538403196616
793,793,2023-02-27,140.92544555664062,0.006940556568114431
794,794,2023-02-28,140.71731567382812,-0.001476879366890782
795,795,2023-03-01,136.29664611816406,-0.0314152493209211
796,796,2023-03-02,140.41995239257812,0.03025244121443249
797,797,2023-03-03,142.66000366210938,0.01595251409335785
798,798,2023-03-06,141.96617126464844,-0.004863538340460716
799,799,2023-03-07,139.0917510986328,-0.02024721904105753
800,800,2023-03-08,139.65673828125,0.004061974762374909
801,801,2023-03-09,137.70411682128906,-0.013981577144015933
802,802,2023-03-10,134.52244567871094,-0.023105127254163804
803,803,2023-03-13,135.48388671875,0.007147067801126283
804,804,2023-03-14,137.1787872314453,0.012509978520277798
805,805,2023-03-15,132.8473663330078,-0.03157500504162947
806,806,2023-03-16,135.61276245117188,0.020816341298268926
807,807,2023-03-17,132.00485229492188,-0.026604503079487474
808,808,2023-03-20,133.35287475585938,0.010211915982647257
809,809,2023-03-21,135.80105590820312,0.018358667983917387
810,810,2023-03-22,132.5500030517578,-0.023939820163422887
811,811,2023-03-23,129.97296142578125,-0.01944203369780595
812,812,2023-03-24,130.79563903808594,0.006329605814009653
813,813,2023-03-27,131.8958282470703,0.00841151293021336
814,814,2023-03-28,131.45973205566406,-0.003306368345398658
815,815,2023-03-29,132.66896057128906,0.009198470867968656
816,816,2023-03-30,133.30331420898438,0.004781477407855617
817,817,2023-03-31,137.11932373046875,0.02862651648331771
818,818,2023-04-03,136.8661651611328,-0.0018462647163689505
819,819,2023-04-04,137.21365356445312,0.0025388919380564534
820,820,2023-04-05,137.09451293945312,-0.000868285494227683
821,821,2023-04-06,137.03494262695312,-0.00043452003455679566
822,822,2023-04-10,137.02500915527344,-7.248860392294887e-05
823,823,2023-04-11,137.5214080810547,0.003622688506583094
824,824,2023-04-12,137.36256408691406,-0.0011550492127524459
825,825,2023-04-13,140.2615203857422,0.02110441311356026
826,826,2023-04-14,138.19651794433594,-0.014722515738651354
827,827,2023-04-17,139.17938232421875,0.007112077746262102
828,828,2023-04-18,137.99794006347656,-0.008488629860348262
829,829,2023-04-19,137.92845153808594,-0.0005035475555552615
830,830,2023-04-20,134.55296325683594,-0.024472748324285587
831,831,2023-04-21,137.50155639648438,0.021913996305084282
832,832,2023-04-24,137.481689453125,-0.0001444852253315032
833,833,2023-04-25,129.43014526367188,-0.05856448390677027
834,834,2023-04-26,132.16033935546875,0.021093958337410346
835,835,2023-04-27,132.28939819335938,0.000976532282831899
836,836,2023-04-28,134.4536590576172,0.016360047697053126
837,837,2023-05-01,135.09901428222656,0.004799833854523872
838,838,2023-05-02,133.55026245117188,-0.01146382776575472
839,839,2023-05-03,133.79844665527344,0.0018583580409832212
840,840,2023-05-04,132.91488647460938,-0.006603665459140373
841,841,2023-05-05,132.33905029296875,-0.004332367855203523
842,842,2023-05-08,131.49517822265625,-0.006376591553622024
843,843,2023-05-09,126.4319305419922,-0.038505196533447195
844,844,2023-05-10,127.1368179321289,0.005575232357166282
845,845,2023-05-11,126.73970794677734,-0.0031234853271501217
846,846,2023-05-12,126.57093048095705,-0.0013316857720011566
847,847,2023-05-15,127.06731414794922,0.003921782553908404
848,848,2023-05-16,125.37957763671876,-0.013282223855501929
849,849,2023-05-17,126.8488998413086,0.011718991499932496
850,850,2023-05-18,128.2090301513672,0.010722444670471454
851,851,2023-05-19,127.94097900390624,-0.002090735318288295
852,852,2023-05-22,128.15939331054688,0.0017071489396214279
853,853,2023-05-23,127.71263885498048,-0.0034859282962104166
854,854,2023-05-24,120.11778259277344,-0.05946832146214687
855,855,2023-05-25,118.62859344482422,-0.012397740915663702
856,856,2023-05-26,119.55188751220705,0.007783065115850585
857,857,2023-05-30,116.88129425048828,-0.02233836133658762
858,858,2023-05-31,114.8361358642578,-0.01749773904665619
859,859,2023-06-01,115.42189025878906,0.0051007846103743315
860,860,2023-06-02,117.36775207519533,0.0168586895609093
861,861,2023-06-05,117.496826171875,0.0010997407243258372
862,862,2023-06-06,116.5933837890625,-0.007689079035130164
863,863,2023-06-07,115.74949645996094,-0.007237866349503186
864,864,2023-06-08,113.86320495605467,-0.016296325786253063
865,865,2023-06-09,114.95526885986328,0.009591016731261837
866,866,2023-06-12,117.68545532226562,0.02374998979586218
867,867,2023-06-13,118.6385269165039,0.008098465452917925
868,868,2023-06-14,118.53924560546876,-0.0008368387033751423
869,869,2023-06-15,120.3560562133789,0.015326659104588858
870,870,2023-06-16,120.25677490234376,-0.000824896678727427
871,871,2023-06-20,117.30818939208984,-0.024519080215217537
872,872,2023-06-21,117.47696685791016,0.0014387526283965446
873,873,2023-06-22,117.8244400024414,0.002957798058844441
874,874,2023-06-23,118.55909729003906,0.006235185905253848
875,875,2023-06-26,117.51667785644533,-0.008792403598043563
876,876,2023-06-27,116.19625854492188,-0.011236016330689935
877,877,2023-06-28,115.53108978271484,-0.005724528229537396
878,878,2023-06-29,117.19898223876952,0.014436741306531164
879,879,2023-06-30,119.61109924316406,0.020581381837261548
880,880,2023-07-03,118.68603515625,-0.007733931823780349
881,881,2023-07-05,118.86508178710938,0.001508573697180715
882,882,2023-07-06,117.80076599121094,-0.00895398194235597
883,883,2023-07-07,116.37835693359376,-0.012074701260629261
884,884,2023-07-10,117.73114013671876,0.011624010157635256
885,885,2023-07-11,117.85050201416016,0.001013851367639651
886,886,2023-07-12,119.3624267578125,0.01282917525010352
887,887,2023-07-13,118.71587371826172,-0.005416721636052557
888,888,2023-07-14,119.11375427246094,0.00335153624984863
889,889,2023-07-17,117.6217269897461,-0.012526070493101726
890,890,2023-07-18,118.9247589111328,0.011078156686989526
891,891,2023-07-19,122.42606353759766,0.029441343068697945
892,892,2023-07-20,123.88825988769533,0.011943505392939757
893,893,2023-07-21,126.94194793701172,0.024648728233688688
894,894,2023-07-24,127.0414047241211,0.0007834824400105855
895,895,2023-07-25,126.63358306884766,-0.003210147559050136
896,896,2023-07-26,127.78742980957033,0.00911169622433694
897,897,2023-07-27,125.98704528808594,-0.01408890157793563
898,898,2023-07-28,125.38028717041016,-0.004816035778030581
899,899,2023-07-31,121.12301635742188,-0.03395486570549988
900,900,2023-08-01,121.82925415039062,0.005830748062653157
901,901,2023-08-02,127.03145599365234,0.042700760827443895
902,902,2023-08-03,124.3855972290039,-0.02082837470414134
903,903,2023-08-04,125.62895965576172,0.009996032132793431
904,904,2023-08-07,125.83783721923828,0.0016626545666613701
905,905,2023-08-08,127.6680679321289,0.014544359258987782
906,906,2023-08-09,126.9518814086914,-0.005609754537980738
907,907,2023-08-10,126.9717788696289,0.00015673230452928344
908,908,2023-08-11,126.18597412109376,-0.006188814203682114
909,909,2023-08-14,125.9770965576172,-0.001655315219709852
910,910,2023-08-15,124.98240661621094,-0.007895799860344721
911,911,2023-08-16,120.71520233154295,-0.03414243972570863
912,912,2023-08-17,120.20790100097656,-0.0042024643190597955
913,913,2023-08-18,118.6164093017578,-0.01323949329425389
914,914,2023-08-21,118.22848510742188,-0.0032704091838512417
915,915,2023-08-22,117.01496887207033,-0.010264161248864423
916,916,2023-08-23,118.49703979492188,0.012665652412999107
917,917,2023-08-24,118.85513305664062,0.003021959555601361
918,918,2023-08-25,119.04412841796876,0.0015901320916285044
919,919,2023-08-28,119.28285217285156,0.0020053383401206215
920,920,2023-08-29,121.37168884277344,0.017511625785866958
921,921,2023-08-30,122.02818298339844,0.0054089561320633806
922,922,2023-08-31,120.42674255371094,-0.013123529258035171
923,923,2023-09-01,121.26227569580078,0.006938102985864614
924,924,2023-09-05,118.09917449951172,-0.026084791648014582
925,925,2023-09-06,117.31336975097656,-0.006653770035779605
926,926,2023-09-07,115.64229583740234,-0.0142445308418081
927,927,2023-09-08,113.38435363769533,-0.019525228060862543
928,928,2023-09-11,112.49908447265624,-0.007807683658609954
929,929,2023-09-12,112.18077850341795,-0.0028294094190219887
930,930,2023-09-13,112.82733917236328,0.005763560188928762
931,931,2023-09-14,114.26962280273438,0.012783104174492355
932,932,2023-09-15,115.2941665649414,0.008966020339243874
933,933,2023-09-18,112.0912628173828,-0.027780275819544786
934,934,2023-09-19,111.7132797241211,-0.003372101301753583
935,935,2023-09-20,111.8724365234375,0.0014246900611050162
936,936,2023-09-21,109.14698791503906,-0.024362110034382378
937,937,2023-09-22,110.81807708740234,0.015310446987910176
938,938,2023-09-25,111.34524536132812,0.004757060289992232
939,939,2023-09-26,110.14167785644533,-0.010809330034498355
940,940,2023-09-27,109.91290283203124,-0.0020770976878731195
941,941,2023-09-28,111.4049301147461,0.013574632679795418
942,942,2023-09-29,111.22589111328124,-0.00160710124121477
943,943,2023-10-02,110.5331802368164,-0.00622796427640504
944,944,2023-10-03,109.89530181884766,-0.005770922510345722
945,945,2023-10-04,111.3006362915039,0.01278793951512891
946,946,2023-10-05,109.98500061035156,-0.01182055848905128
947,947,2023-10-06,110.27404022216795,0.0026279911825466407
948,948,2023-10-09,110.91191864013672,0.005784483969968335
949,949,2023-10-10,112.915283203125,0.01806266258442757
950,950,2023-10-11,113.0049819946289,0.0007943901742915038
951,951,2023-10-12,108.57966613769533,-0.0391603607099722
952,952,2023-10-13,110.14447784423828,0.0144116459573429
953,953,2023-10-16,111.1312026977539,0.008958459587152579
954,954,2023-10-17,112.0282211303711,0.008071706333070416
955,955,2023-10-18,108.2507553100586,-0.03371887710255195
956,956,2023-10-19,109.14778137207033,0.008286557072441747
957,957,2023-10-20,108.86870574951172,-0.002556860240770953
958,958,2023-10-23,108.97834014892578,0.0010070331842311209
959,959,2023-10-24,105.29058074951172,-0.03383937940671977
960,960,2023-10-25,103.05799102783205,-0.021204078330530285
961,961,2023-10-26,103.96498107910156,0.008800773644273452
962,962,2023-10-27,102.43006896972656,-0.014763741535307573
963,963,2023-10-30,100.83536529541016,-0.0155687064390021
964,964,2023-10-31,103.02809143066406,0.021745606105854076
965,965,2023-11-01,102.519775390625,-0.004933761588519325
966,966,2023-11-02,104.12445068359376,0.015652348894196866
967,967,2023-11-03,108.6594009399414,0.04355317340523723
968,968,2023-11-06,107.17432403564452,-0.013667265707803078
969,969,2023-11-07,110.17436981201172,0.027992206187084756
970,970,2023-11-08,109.0281753540039,-0.010403458263147258
971,971,2023-11-09,107.38363647460938,-0.015083613699439335
972,972,2023-11-10,108.11122131347656,0.006775565279345086
973,973,2023-11-13,107.10456085205078,-0.0093113411281045
974,974,2023-11-14,111.24082946777344,0.03861897740691278
975,975,2023-11-15,113.22425079345705,0.017829976054414498
976,976,2023-11-16,113.8123016357422,0.005193682785836096
977,977,2023-11-17,112.77574157714844,-0.009107627591183332
978,978,2023-11-20,113.60299682617188,0.007335400658460944
979,979,2023-11-21,123.51011657714844,0.0872082605896023
980,980,2023-11-22,123.5798797607422,0.0005648378086517969
981,981,2023-11-24,126.20118713378906,0.021211441361828953
982,982,2023-11-27,124.59651947021484,-0.012715155063264705
983,983,2023-11-28,124.29750061035156,-0.0023998973738167395
984,984,2023-11-29,127.16797637939452,0.023093592026772525
985,985,2023-11-30,127.37728118896484,0.001645892429284812
986,986,2023-12-01,128.364013671875,0.007746534340345557
987,987,2023-12-04,128.45372009277344,0.0006988440009965124
988,988,2023-12-05,127.45701599121094,-0.007759246683106125
989,989,2023-12-06,128.48361206054688,0.008054449269444097
990,990,2023-12-07,128.25436401367188,-0.0017842590443906126
991,991,2023-12-08,126.77926635742188,-0.011501344750286635
992,992,2023-12-11,128.54342651367188,0.01391521032529397
993,993,2023-12-12,128.364013671875,-0.0013957371968592591
994,994,2023-12-13,133.29763793945312,0.03843463698626226
995,995,2023-12-14,137.50369262695312,0.031553857611569036
996,996,2023-12-15,136.32757568359375,-0.008553348065714728
997,997,2023-12-18,137.07508850097656,0.005483210668381089
998,998,2023-12-19,139.32760620117188,0.01643272840330323
999,999,2023-12-20,137.7229461669922,-0.011517172209667859
1000,1000,2023-12-21,138.48043823242188,0.005500115169706055
1001,1001,2023-12-22,139.10836791992188,0.00453442880102739
1002,1002,2023-12-26,139.34754943847656,0.0017193898694316534
1003,1003,2023-12-27,139.35752868652344,7.161409071843039e-05
1004,1004,2023-12-28,139.30770874023438,-0.00035749734340606576
1005,1005,2023-12-29,138.80450439453125,-0.0036121787534488803
1006,1006,2024-01-02,138.52496337890625,-0.0020139189059055207
1007,1007,2024-01-03,130.94728088378906,-0.05470264932963753
1008,1008,2024-01-04,130.78753662109375,-0.0012199127894613193
1009,1009,2024-01-05,130.34823608398438,-0.0033588868515971315
1010,1010,2024-01-08,133.16368103027344,0.021599409634320166
1011,1011,2024-01-09,130.46804809570312,-0.020243004051213376
1012,1012,2024-01-10,130.87738037109375,0.003137413959702684
1013,1013,2024-01-11,129.46966552734375,-0.010755982735584424
1014,1014,2024-01-12,130.32827758789062,0.0066317624058860325
1015,1015,2024-01-16,130.31829833984375,-7.657009078587684e-05
1016,1016,2024-01-17,127.91219329833984,-0.018463293890081944
1017,1017,2024-01-18,130.2484130859375,0.01826424617822564
1018,1018,2024-01-19,131.00717163085938,0.0058254724717548
1019,1019,2024-01-22,132.33502197265625,0.010135707269052219
1020,1020,2024-01-23,131.42649841308594,-0.006865329721697067
1021,1021,2024-01-24,129.5695037841797,-0.014129529823350695
1022,1022,2024-01-25,129.6693572998047,0.0007706560009006491
1023,1023,2024-01-26,130.77755737304688,0.00854635278772875
1024,1024,2024-01-29,132.61456298828125,0.014046795582779215
1025,1025,2024-01-30,134.0622100830078,0.010916200016845012
1026,1026,2024-01-31,129.8889923095703,-0.031128964462495134
1027,1027,2024-02-01,132.83421325683594,0.022674907972541236
1028,1028,2024-02-02,132.75433349609375,-0.0006013492968692802
1029,1029,2024-02-05,132.60458374023438,-0.0011280216013722644
1030,1030,2024-02-06,135.6396484375,0.022888082837401402
1031,1031,2024-02-07,132.57461547851562,-0.022596880737247527
1032,1032,2024-02-08,133.85255432128906,0.009639393168600519
1033,1033,2024-02-09,133.1237335205078,-0.005444952503721678
1034,1034,2024-02-12,132.09539794921875,-0.007724659939248535
1035,1035,2024-02-13,129.54953002929688,-0.01927294939450186
1036,1036,2024-02-14,132.02552795410156,0.019112365164464462
1037,1037,2024-02-15,134.5314483642578,0.018980574809952078
1038,1038,2024-02-16,134.6212921142578,0.0006678271221516319
1039,1039,2024-02-20,133.9224395751953,-0.005191248190288933
1040,1040,2024-02-21,135.11050415039062,0.008871288329004967
1041,1041,2024-02-22,131.80587768554688,-0.024458693908546048
1042,1042,2024-02-23,131.81585693359375,7.571170741482725e-05
1043,1043,2024-02-26,131.27674865722656,-0.004089859057236023
1044,1044,2024-02-27,132.33502197265625,0.008061391878259494
1045,1045,2024-02-28,136.78778076171875,0.03364762194230453
1046,1046,2024-02-29,137.13722229003906,0.002554625320875914
1047,1047,2024-03-01,138.83445739746094,0.012376181164237776
1048,1048,2024-03-04,142.6282958984375,0.027326346586391104
1049,1049,2024-03-05,144.1158905029297,0.010429870139873731
1050,1050,2024-03-06,145.98284912109375,0.012954564633010479
1051,1051,2024-03-07,149.0678253173828,0.02113245641431516
1052,1052,2024-03-08,147.63015747070312,-0.009644387335890348
1053,1053,2024-03-11,147.0511016845703,-0.003922340774091038
1054,1054,2024-03-12,147.6002197265625,0.003734198762890273
1055,1055,2024-03-13,147.58026123046875,-0.00013521996193988084
1056,1056,2024-03-14,144.9744873046875,-0.017656656141243343
1057,1057,2024-03-15,147.2407989501953,0.015632486016279534
1058,1058,2024-03-18,145.85305786132812,-0.009424976628499504
1059,1059,2024-03-19,147.15093994140625,0.008898559269920225
1060,1060,2024-03-20,147.04112243652344,-0.0007462915624361077
1061,1061,2024-03-21,148.49876403808594,0.009913156111765575
1062,1062,2024-03-22,147.21084594726562,-0.008672921280947432
1063,1063,2024-03-25,145.32391357421875,-0.012817889612038669
1064,1064,2024-03-26,144.17578125,-0.00790050512665541
1065,1065,2024-03-27,147.1309814453125,0.020497202579316642
1066,1066,2024-03-28,145.27398681640625,-0.012621370500382922
1067,1067,2024-04-01,145.55999755859375,0.001968767763969703
1068,1068,2024-04-02,144.1699981689453,-0.009549322705153962
1069,1069,2024-04-03,143.72999572753906,-0.0030519695289905613
1070,1070,2024-04-04,141.33999633789062,-0.016628396720883676
1071,1071,2024-04-05,144.1199951171875,0.019668875416205323
1072,1072,2024-04-08,144.4600067138672,0.0023592257021880503
1073,1073,2024-04-09,147.39999389648438,0.020351564765190844
1074,1074,2024-04-10,144.16000366210938,-0.0219809387281954
1075,1075,2024-04-11,145.0,0.005826833494396055
1076,1076,2024-04-12,140.72999572753906,-0.029448305327316793
1077,1077,2024-04-15,140.22000122070312,-0.0036239218526185057
1078,1078,2024-04-16,136.8000030517578,-0.024390230631665122
1079,1079,2024-04-17,134.5500030517578,-0.01644736805414193
1080,1080,2024-04-18,132.44000244140625,-0.015681906818983182
1081,1081,2024-04-19,132.72999572753906,0.002189620060307096
1082,1082,2024-04-22,133.91000366210938,0.008890288348931907
1083,1083,2024-04-23,139.1999969482422,0.03950409335721372
1084,1084,2024-04-24,137.49000549316406,-0.012284421642005827
1085,1085,2024-04-25,136.3699951171875,-0.008146122126908018
1086,1086,2024-04-26,137.74000549316406,0.010046274290757662
1087,1087,2024-04-29,139.58999633789062,0.01343103507294674
1088,1088,2024-04-30,137.0399932861328,-0.018267806566777844
1089,1089,2024-05-01,138.69000244140625,0.012040347607346291
1090,1090,2024-05-02,137.52000427246094,-0.008436067116226464
1091,1091,2024-05-03,139.4499969482422,0.014034268585081389
1092,1092,2024-05-06,140.61000061035156,0.0083184201326294
1093,1093,2024-05-07,141.27000427246094,0.00469386003303085
1094,1094,2024-05-08,142.8000030517578,0.010830315941281032
1095,1095,2024-05-09,145.13999938964844,0.016386528626630925
1096,1096,2024-05-10,149.75999450683594,0.031831301754277064
1097,1097,2024-05-13,147.75999450683594,-0.013354701344548414
1098,1098,2024-05-14,151.27999877929688,0.023822444527081377
1099,1099,2024-05-15,154.0800018310547,0.01850874586430118
1100,1100,2024-05-16,154.30999755859375,0.001492703302218512
1101,1101,2024-05-17,154.22999572753906,-0.0005184487869900334
1102,1102,2024-05-20,154.63999938964844,0.002658391191514342
1103,1103,2024-05-21,153.6699981689453,-0.006272641131218615
1104,1104,2024-05-22,152.8699951171875,-0.0052059807463411545
1105,1105,2024-05-23,150.5500030517578,-0.015176242163488118
1106,1106,2024-05-24,150.66000366210938,0.0007306583070194606
1107,1107,2024-05-28,148.2100067138672,-0.01626176084355402
1108,1108,2024-05-29,145.47999572753906,-0.018419883021789873
1109,1109,2024-05-30,131.4199981689453,-0.09664557307882993
1110,1110,2024-05-31,130.41000366210938,-0.007685242131395764
1111,1111,2024-06-03,131.39999389648438,0.007591367276854388
1112,1112,2024-06-04,130.85000610351562,-0.0041855998364963565
1113,1113,2024-06-05,133.55999755859375,0.020710671216432663
1114,1114,2024-06-06,132.82000732421875,-0.00554050799566963
1115,1115,2024-06-07,132.97999572753906,0.001204550478075106
